-- --------------------------------------------------------
-- 호스트:                          192.168.6.55
-- 서버 버전:                        8.0.18 - MySQL Community Server - GPL
-- 서버 OS:                        Win64
-- HeidiSQL 버전:                  10.3.0.5771
-- --------------------------------------------------------

/*!40101 SET @OLD_CHARACTER_SET_CLIENT=@@CHARACTER_SET_CLIENT */;
/*!40101 SET NAMES utf8 */;
/*!50503 SET NAMES utf8mb4 */;
/*!40014 SET @OLD_FOREIGN_KEY_CHECKS=@@FOREIGN_KEY_CHECKS, FOREIGN_KEY_CHECKS=0 */;
/*!40101 SET @OLD_SQL_MODE=@@SQL_MODE, SQL_MODE='NO_AUTO_VALUE_ON_ZERO' */;

-- 테이블 데이터 dobee_new.apply:~28 rows (대략적) 내보내기
/*!40000 ALTER TABLE `apply` DISABLE KEYS */;
INSERT INTO `apply` (`APLSEQ`, `REQDATE`, `REASON`, `STARTAT`, `ENDAT`, `USEBREAK`, `ISAUTH`, `REJREASON`, `DRAFTER`, `APPROVAL`, `APYCODE`) VALUES
	(1, '2020-01-02', '치과 진료', '2020-01-02 14:00:00', '2020-01-02 18:00:00', 0, '미승인', '', 'taetae@gmail.com', 'taetae@gmail.com', 2),
	(2, '2020-01-07', '독감으로 인한 병원 진료', '2020-01-07 09:00:00', '2020-01-07 13:00:00', 0, '미승인', '', 'a157@gmail.com', 'dnjsvltm327@gmail.com', 2),
	(3, '2020-01-10', '연장근무', '2020-01-10 19:00:00', '2020-01-10 21:00:00', 0, '승인', '', 'taetae@gmail.com', 'taetae@gmail.com', 6),
	(4, '2020-01-15', '부친상', '2020-01-15 09:00:00', '2020-01-17 09:00:00', 3, '승인', '', 'devel1@gmail.com', 'taetae@gmail.com', 5),
	(5, '2020-01-20', '치과 진료', '2020-01-20 14:00:00', '2020-01-20 18:00:00', 0, '승인', '', 'dobeekim@gmail.com', 'ukjae@gmail.com', 2),
	(6, '2020-01-28', '병가', '2020-01-28 09:00:00', '2020-01-29 09:00:00', 1, '미승인', '', 'devel1@gmail.com', 'taetae@gmail.com', 1),
	(7, '2020-02-01', '교육 세미나 참석', '2020-02-02 12:00:00', '2020-02-02 18:00:00', 0, '승인', '', 'devel1@gmail.com', 'taetae@gmail.com', 3),
	(8, '2020-02-01', '교육 세미나 참석', '2020-02-03 12:00:00', '2020-02-02 18:00:00', 0, '승인', '', 'taetae@gmail.com', 'taetae@gmail.com', 3),
	(9, '2020-02-01', '교육 세미나 참석', '2020-02-05 12:00:00', '2020-02-05 18:00:00', 0, '승인', '', 'dobeekim@gmail.com', 'ukjae@gmail.com', 3),
	(10, '2020-02-05', '개인 사유', '2020-02-05 09:00:00', '2020-02-07 09:00:00', 2, '미승인', '', 'devel1@gmail.com', 'taetae@gmail.com', 1),
	(11, '2020-02-11', '독감으로 인한 병원 진료', '2020-02-11 09:00:00', '2020-02-11 13:00:00', 0, '미승인', '', 'dobeekim@gmail.com', 'ukjae@gmail.com', 2),
	(12, '2020-02-10', '외부 출장', '2020-02-12 09:00:00', '2020-02-12 18:00:00', 0, '승인', '', 'devel1@gmail.com', 'taetae@gmail.com', 3),
	(13, '2020-02-10', '클라이언트 미팅', '2020-02-12 09:00:00', '2020-02-12 13:00:00', 0, '승인', '', 'devel1@gmail.com', 'taetae@gmail.com', 4),
	(14, '2020-02-10', '클라이언트 미팅', '2020-02-12 09:00:00', '2020-02-12 13:00:00', 0, '승인', '', 'dobeekim@gmail.com', 'ukjae@gmail.com', 4),
	(15, '2020-02-10', '클라이언트 미팅', '2020-02-13 13:00:00', '2020-02-13 17:00:00', 0, '승인', '', 'a157@gmail.com', 'dnjsvltm327@gmail.com', 4),
	(16, '2020-02-14', '외부 출장', '2020-02-14 09:00:00', '2020-02-14 18:00:00', 0, '승인', '', 'a157@gmail.com', 'dnjsvltm327@gmail.com', 3),
	(17, '2020-02-17', '개인 사유', '2020-02-17 09:00:00', '2020-02-19 09:00:00', 2, '미승인', '', 'devel1@gmail.com', 'taetae@gmail.com', 1),
	(18, '2020-02-17', '개인 사유', '2020-02-19 09:00:00', '2020-02-21 09:00:00', 3, '미승인', '', 'a157@gmail.com', 'dnjsvltm327@gmail.com', 1),
	(19, '2020-02-17', '개인 사유', '2020-02-27 09:00:00', '2020-02-29 09:00:00', 2, '미승인', '', 'a157@gmail.com', 'dnjsvltm327@gmail.com', 1),
	(20, '2020-02-20', '병가', '2020-02-20 09:00:00', '2020-02-21 09:00:00', 1, '미승인', '', 'dobeekim@gmail.com', 'ukjae@gmail.com', 1),
	(21, '2020-02-20', '병가', '2020-02-23 09:00:00', '2020-02-24 09:00:00', 1, '미승인', '', 'devel1@gmail.com', 'taetae@gmail.com', 1),
	(22, '2020-02-24', '조모상', '2020-02-24 09:00:00', '2020-02-26 09:00:00', 3, '미승인', '', 'devel1@gmail.com', 'taetae@gmail.com', 5),
	(23, '2020-02-26', '독감으로 인한 병원 진료', '2020-02-26 14:00:00', '2020-02-26 18:00:00', 0, '미승인', '', 'dobeekim@gmail.com', 'ukjae@gmail.com', 2),
	(24, '2020-02-17', '연장근무', '2020-02-17 19:00:00', '2020-02-17 21:00:00', 0, '반려', '팀 회식 참여해주세요', 'a157@gmail.com', 'dnjsvltm327@gmail.com', 6),
	(25, '2020-02-17', '연장근무', '2020-02-17 19:00:00', '2020-02-17 21:00:00', 0, '반려', '팀 회식 참여해주세요', 'dobeekim@gmail.com', 'ukjae@gmail.com', 6),
	(26, '2020-02-25', '연장근무', '2020-02-25 19:00:00', '2020-02-25 21:00:00', 0, '미승인', '', 'dobeekim@gmail.com', 'ukjae@gmail.com', 6),
	(27, '2020-02-26', '연장근무', '2020-02-26 19:00:00', '2020-02-26 21:00:00', 0, '미승인', '', 'dobeekim@gmail.com', 'ukjae@gmail.com', 6),
	(28, '2020-02-24', '연장근무', '2020-02-24 19:00:00', '2020-02-24 21:00:00', 0, '미승인', '', 'devel1@gmail.com', 'taetae@gmail.com', 6);
/*!40000 ALTER TABLE `apply` ENABLE KEYS */;

-- 테이블 데이터 dobee_new.applycode:~6 rows (대략적) 내보내기
/*!40000 ALTER TABLE `applycode` DISABLE KEYS */;
INSERT INTO `applycode` (`ENTRY`, `APYCODE`) VALUES
	('연차', 1),
	('반일연차', 2),
	('출장', 3),
	('외근', 4),
	('경조휴가', 5),
	('연장근무', 6);
/*!40000 ALTER TABLE `applycode` ENABLE KEYS */;

-- 테이블 데이터 dobee_new.attend:~391 rows (대략적) 내보내기
/*!40000 ALTER TABLE `attend` DISABLE KEYS */;
INSERT INTO `attend` (`ATTSEQ`, `ATTTIME`, `OFFTIME`, `MAIL`, `ATTCODE`) VALUES
	(1, '2019-11-01 09:00:00', '2019-11-01 18:00:00', 'dobeekim@gmail.com', 1),
	(2, '2019-11-04 09:00:00', '2019-11-04 18:00:00', 'dobeekim@gmail.com', 1),
	(3, '2019-11-05 09:00:00', '2019-11-05 18:00:00', 'dobeekim@gmail.com', 1),
	(4, '2019-11-06 09:00:00', '2019-11-06 18:00:00', 'dobeekim@gmail.com', 1),
	(5, '2019-11-07 09:00:00', '2019-11-07 18:00:00', 'dobeekim@gmail.com', 1),
	(6, '2019-11-08 09:00:00', '2019-11-08 18:00:00', 'dobeekim@gmail.com', 1),
	(7, '2019-11-11 09:00:00', '2019-11-11 18:00:00', 'dobeekim@gmail.com', 1),
	(8, '2019-11-12 09:00:00', '2019-11-12 18:00:00', 'dobeekim@gmail.com', 1),
	(9, '2019-11-13 09:00:00', '2019-11-13 18:00:00', 'dobeekim@gmail.com', 1),
	(10, '2019-11-14 09:00:00', '2019-11-14 18:00:00', 'dobeekim@gmail.com', 1),
	(11, '2019-11-15 09:00:00', '2019-11-15 18:00:00', 'dobeekim@gmail.com', 1),
	(12, '2019-11-18 09:00:00', '2019-11-18 18:00:00', 'dobeekim@gmail.com', 1),
	(13, '2019-11-19 09:00:00', '2019-11-19 18:00:00', 'dobeekim@gmail.com', 1),
	(14, '2019-11-20 09:00:00', '2019-11-20 18:00:00', 'dobeekim@gmail.com', 1),
	(15, '2019-11-21 09:00:00', '2019-11-21 18:00:00', 'dobeekim@gmail.com', 1),
	(16, '2019-11-22 09:00:00', '2019-11-22 18:00:00', 'dobeekim@gmail.com', 1),
	(17, '2019-11-25 09:00:00', '2019-11-25 18:00:00', 'dobeekim@gmail.com', 1),
	(18, '2019-11-26 09:00:00', '2019-11-26 18:00:00', 'dobeekim@gmail.com', 1),
	(19, '2019-11-27 09:00:00', '2019-11-27 18:00:00', 'dobeekim@gmail.com', 1),
	(20, '2019-11-28 09:00:00', '2019-11-28 18:00:00', 'dobeekim@gmail.com', 1),
	(21, '2019-11-29 09:00:00', '2019-11-29 18:00:00', 'dobeekim@gmail.com', 1),
	(22, '2019-12-02 09:00:00', '2019-12-02 18:00:00', 'dobeekim@gmail.com', 1),
	(23, '2019-12-03 09:00:00', '2019-12-03 18:00:00', 'dobeekim@gmail.com', 1),
	(24, '2019-12-04 09:00:00', '2019-12-04 18:00:00', 'dobeekim@gmail.com', 1),
	(25, '2019-12-05 09:00:00', '2019-12-05 18:00:00', 'dobeekim@gmail.com', 1),
	(26, '2019-12-06 09:00:00', '2019-12-06 18:00:00', 'dobeekim@gmail.com', 1),
	(27, '2019-12-09 09:00:00', '2019-12-09 18:00:00', 'dobeekim@gmail.com', 1),
	(28, '2019-12-10 09:00:00', '2019-12-10 18:00:00', 'dobeekim@gmail.com', 1),
	(29, '2019-12-11 09:00:00', '2019-12-11 18:00:00', 'dobeekim@gmail.com', 1),
	(30, '2019-12-12 09:00:00', '2019-12-12 18:00:00', 'dobeekim@gmail.com', 1),
	(31, '2019-12-13 09:00:00', '2019-12-13 18:00:00', 'dobeekim@gmail.com', 1),
	(32, '2019-12-16 09:00:00', '2019-12-16 18:00:00', 'dobeekim@gmail.com', 1),
	(33, '2019-12-17 09:00:00', '2019-12-17 18:00:00', 'dobeekim@gmail.com', 1),
	(34, '2019-12-18 09:00:00', '2019-12-18 18:00:00', 'dobeekim@gmail.com', 1),
	(35, '2019-12-19 09:00:00', '2019-12-19 18:00:00', 'dobeekim@gmail.com', 1),
	(36, '2019-12-20 09:00:00', '2019-12-20 18:00:00', 'dobeekim@gmail.com', 1),
	(37, '2019-12-23 09:00:00', '2019-12-23 18:00:00', 'dobeekim@gmail.com', 1),
	(38, '2019-12-24 09:00:00', '2019-12-24 18:00:00', 'dobeekim@gmail.com', 1),
	(39, '2019-12-26 09:00:00', '2019-12-26 18:00:00', 'dobeekim@gmail.com', 1),
	(40, '2019-12-27 09:00:00', '2019-12-27 18:00:00', 'dobeekim@gmail.com', 1),
	(41, '2019-12-30 09:00:00', '2019-12-30 18:00:00', 'dobeekim@gmail.com', 1),
	(42, '2019-12-31 09:00:00', '2019-12-31 18:00:00', 'dobeekim@gmail.com', 1),
	(43, '2020-01-02 09:00:00', '2020-01-02 18:00:00', 'dobeekim@gmail.com', 1),
	(44, '2020-01-03 09:00:00', '2020-01-03 18:00:00', 'dobeekim@gmail.com', 1),
	(45, '2020-01-06 09:00:00', '2020-01-06 18:00:00', 'dobeekim@gmail.com', 1),
	(46, '2020-01-07 09:00:00', '2020-01-07 18:00:00', 'dobeekim@gmail.com', 1),
	(47, '2020-01-08 09:00:00', '2020-01-08 18:00:00', 'dobeekim@gmail.com', 1),
	(48, '2020-01-09 09:00:00', '2020-01-09 18:00:00', 'dobeekim@gmail.com', 1),
	(49, '2020-01-10 09:00:00', '2020-01-10 18:00:00', 'dobeekim@gmail.com', 1),
	(50, '2020-01-13 09:00:00', '2020-01-13 18:00:00', 'dobeekim@gmail.com', 1),
	(51, '2020-01-14 09:00:00', '2020-01-14 18:00:00', 'dobeekim@gmail.com', 1),
	(52, '2020-01-15 09:00:00', '2020-01-15 18:00:00', 'dobeekim@gmail.com', 1),
	(53, '2020-01-16 09:00:00', '2020-01-16 18:00:00', 'dobeekim@gmail.com', 1),
	(54, '2020-01-17 09:00:00', '2020-01-17 18:00:00', 'dobeekim@gmail.com', 1),
	(55, '2020-01-20 09:00:00', '2020-01-20 18:00:00', 'dobeekim@gmail.com', 1),
	(56, '2020-01-21 09:00:00', '2020-01-21 18:00:00', 'dobeekim@gmail.com', 1),
	(57, '2020-01-22 09:00:00', '2020-01-22 18:00:00', 'dobeekim@gmail.com', 1),
	(58, '2020-01-23 09:00:00', '2020-01-23 18:00:00', 'dobeekim@gmail.com', 1),
	(59, '2020-01-28 09:00:00', '2020-01-28 18:00:00', 'dobeekim@gmail.com', 1),
	(60, '2020-01-29 09:00:00', '2020-01-29 18:00:00', 'dobeekim@gmail.com', 1),
	(61, '2020-01-30 09:00:00', '2020-01-30 18:00:00', 'dobeekim@gmail.com', 1),
	(62, '2020-01-31 09:00:00', '2020-01-31 18:00:00', 'dobeekim@gmail.com', 1),
	(63, '2020-02-03 09:00:00', '2020-02-03 18:00:00', 'dobeekim@gmail.com', 1),
	(64, '2020-02-04 09:00:00', '2020-02-04 18:00:00', 'dobeekim@gmail.com', 1),
	(65, '2020-02-05 09:00:00', '2020-02-05 18:00:00', 'dobeekim@gmail.com', 1),
	(66, '2020-02-06 09:00:00', '2020-02-06 18:00:00', 'dobeekim@gmail.com', 1),
	(67, '2020-02-07 09:00:00', '2020-02-07 18:00:00', 'dobeekim@gmail.com', 1),
	(68, '2020-02-10 09:00:00', '2020-02-10 18:00:00', 'dobeekim@gmail.com', 1),
	(69, '2020-02-11 09:00:00', '2020-02-11 18:00:00', 'dobeekim@gmail.com', 1),
	(70, '2020-02-12 09:00:00', '2020-02-12 18:00:00', 'dobeekim@gmail.com', 1),
	(71, '2020-02-13 09:00:00', '2020-02-13 18:00:00', 'dobeekim@gmail.com', 1),
	(72, '2020-02-14 09:00:00', '2020-02-14 18:00:00', 'dobeekim@gmail.com', 1),
	(73, '2020-02-17 09:00:00', '2020-02-17 18:00:00', 'dobeekim@gmail.com', 1),
	(74, '2020-02-18 09:00:00', '2020-02-18 18:00:00', 'dobeekim@gmail.com', 1),
	(75, '2020-02-19 09:00:00', '2020-02-19 18:00:00', 'dobeekim@gmail.com', 1),
	(76, '2020-02-20 09:00:00', '2020-02-20 18:00:00', 'dobeekim@gmail.com', 1),
	(77, '2020-02-21 09:00:00', '2020-02-21 18:00:00', 'dobeekim@gmail.com', 1),
	(78, '2019-11-01 09:00:00', '2019-11-01 18:00:00', 'taetae@gmail.com', 1),
	(79, '2019-11-04 09:00:00', '2019-11-04 18:00:00', 'taetae@gmail.com', 1),
	(80, '2019-11-05 09:00:00', '2019-11-05 18:00:00', 'taetae@gmail.com', 1),
	(81, '2019-11-06 09:00:00', '2019-11-06 18:00:00', 'taetae@gmail.com', 1),
	(82, '2019-11-07 09:00:00', '2019-11-07 18:00:00', 'taetae@gmail.com', 1),
	(83, '2019-11-08 09:00:00', '2019-11-08 18:00:00', 'taetae@gmail.com', 1),
	(84, '2019-11-11 09:00:00', '2019-11-11 18:00:00', 'taetae@gmail.com', 1),
	(85, '2019-11-12 09:00:00', '2019-11-12 18:00:00', 'taetae@gmail.com', 1),
	(86, '2019-11-13 09:00:00', '2019-11-13 18:00:00', 'taetae@gmail.com', 1),
	(87, '2019-11-14 09:00:00', '2019-11-14 18:00:00', 'taetae@gmail.com', 1),
	(88, '2019-11-15 09:00:00', '2019-11-15 18:00:00', 'taetae@gmail.com', 1),
	(89, '2019-11-18 09:00:00', '2019-11-18 18:00:00', 'taetae@gmail.com', 1),
	(90, '2019-11-19 09:00:00', '2019-11-19 18:00:00', 'taetae@gmail.com', 1),
	(91, '2019-11-20 09:00:00', '2019-11-20 18:00:00', 'taetae@gmail.com', 1),
	(92, '2019-11-21 09:00:00', '2019-11-21 18:00:00', 'taetae@gmail.com', 1),
	(93, '2019-11-22 09:00:00', '2019-11-22 18:00:00', 'taetae@gmail.com', 1),
	(94, '2019-11-25 09:00:00', '2019-11-25 18:00:00', 'taetae@gmail.com', 1),
	(95, '2019-11-26 09:00:00', '2019-11-26 18:00:00', 'taetae@gmail.com', 1),
	(96, '2019-11-27 09:00:00', '2019-11-27 18:00:00', 'taetae@gmail.com', 1),
	(97, '2019-11-28 09:00:00', '2019-11-28 18:00:00', 'taetae@gmail.com', 1),
	(98, '2019-11-29 09:00:00', '2019-11-29 18:00:00', 'taetae@gmail.com', 1),
	(99, '2019-12-02 09:00:00', '2019-12-02 18:00:00', 'taetae@gmail.com', 1),
	(100, '2019-12-03 09:00:00', '2019-12-03 18:00:00', 'taetae@gmail.com', 1),
	(101, '2019-12-04 09:00:00', '2019-12-04 18:00:00', 'taetae@gmail.com', 1),
	(102, '2019-12-05 09:00:00', '2019-12-05 18:00:00', 'taetae@gmail.com', 1),
	(103, '2019-12-06 09:00:00', '2019-12-06 18:00:00', 'taetae@gmail.com', 1),
	(104, '2019-12-09 09:00:00', '2019-12-09 18:00:00', 'taetae@gmail.com', 1),
	(105, '2019-12-10 09:00:00', '2019-12-10 18:00:00', 'taetae@gmail.com', 1),
	(106, '2019-12-11 09:00:00', '2019-12-11 18:00:00', 'taetae@gmail.com', 1),
	(107, '2019-12-12 09:00:00', '2019-12-12 18:00:00', 'taetae@gmail.com', 1),
	(108, '2019-12-13 09:00:00', '2019-12-13 18:00:00', 'taetae@gmail.com', 1),
	(109, '2019-12-16 09:00:00', '2019-12-16 18:00:00', 'taetae@gmail.com', 1),
	(110, '2019-12-17 09:00:00', '2019-12-17 18:00:00', 'taetae@gmail.com', 1),
	(111, '2019-12-18 09:00:00', '2019-12-18 18:00:00', 'taetae@gmail.com', 1),
	(112, '2019-12-19 09:00:00', '2019-12-19 18:00:00', 'taetae@gmail.com', 1),
	(113, '2019-12-20 09:00:00', '2019-12-20 18:00:00', 'taetae@gmail.com', 1),
	(114, '2019-12-23 09:00:00', '2019-12-23 18:00:00', 'taetae@gmail.com', 1),
	(115, '2019-12-24 09:00:00', '2019-12-24 18:00:00', 'taetae@gmail.com', 1),
	(116, '2019-12-26 09:00:00', '2019-12-26 18:00:00', 'taetae@gmail.com', 1),
	(117, '2019-12-27 09:00:00', '2019-12-27 18:00:00', 'taetae@gmail.com', 1),
	(118, '2019-12-30 09:00:00', '2019-12-30 18:00:00', 'taetae@gmail.com', 1),
	(119, '2019-12-31 09:00:00', '2019-12-31 18:00:00', 'taetae@gmail.com', 1),
	(120, '2020-01-02 09:00:00', '2020-01-02 18:00:00', 'taetae@gmail.com', 1),
	(121, '2020-01-03 09:00:00', '2020-01-03 18:00:00', 'taetae@gmail.com', 1),
	(122, '2020-01-06 09:00:00', '2020-01-06 18:00:00', 'taetae@gmail.com', 1),
	(123, '2020-01-07 09:00:00', '2020-01-07 18:00:00', 'taetae@gmail.com', 1),
	(124, '2020-01-08 09:00:00', '2020-01-08 18:00:00', 'taetae@gmail.com', 1),
	(125, '2020-01-09 09:00:00', '2020-01-09 18:00:00', 'taetae@gmail.com', 1),
	(126, '2020-01-10 09:00:00', '2020-01-10 18:00:00', 'taetae@gmail.com', 1),
	(127, '2020-01-13 09:00:00', '2020-01-13 18:00:00', 'taetae@gmail.com', 1),
	(128, '2020-01-14 09:00:00', '2020-01-14 18:00:00', 'taetae@gmail.com', 1),
	(129, '2020-01-15 09:00:00', '2020-01-15 18:00:00', 'taetae@gmail.com', 1),
	(130, '2020-01-16 09:00:00', '2020-01-16 18:00:00', 'taetae@gmail.com', 1),
	(131, '2020-01-17 09:00:00', '2020-01-17 18:00:00', 'taetae@gmail.com', 1),
	(132, '2020-01-20 09:00:00', '2020-01-20 18:00:00', 'taetae@gmail.com', 1),
	(133, '2020-01-21 09:00:00', '2020-01-21 18:00:00', 'taetae@gmail.com', 1),
	(134, '2020-01-22 09:00:00', '2020-01-22 18:00:00', 'taetae@gmail.com', 1),
	(135, '2020-01-23 09:00:00', '2020-01-23 18:00:00', 'taetae@gmail.com', 1),
	(136, '2020-01-28 09:00:00', '2020-01-28 18:00:00', 'taetae@gmail.com', 1),
	(137, '2020-01-29 09:00:00', '2020-01-29 18:00:00', 'taetae@gmail.com', 1),
	(138, '2020-01-30 09:00:00', '2020-01-30 18:00:00', 'taetae@gmail.com', 1),
	(139, '2020-01-31 09:00:00', '2020-01-31 18:00:00', 'taetae@gmail.com', 1),
	(140, '2020-02-03 09:00:00', '2020-02-03 18:00:00', 'taetae@gmail.com', 1),
	(141, '2020-02-04 09:00:00', '2020-02-04 18:00:00', 'taetae@gmail.com', 1),
	(142, '2020-02-05 09:00:00', '2020-02-05 18:00:00', 'taetae@gmail.com', 1),
	(143, '2020-02-06 09:00:00', '2020-02-06 18:00:00', 'taetae@gmail.com', 1),
	(144, '2020-02-07 09:00:00', '2020-02-07 18:00:00', 'taetae@gmail.com', 1),
	(145, '2020-02-10 09:00:00', '2020-02-10 18:00:00', 'taetae@gmail.com', 1),
	(146, '2020-02-11 09:00:00', '2020-02-11 18:00:00', 'taetae@gmail.com', 1),
	(147, '2020-02-12 09:00:00', '2020-02-12 18:00:00', 'taetae@gmail.com', 1),
	(148, '2020-02-13 09:00:00', '2020-02-13 18:00:00', 'taetae@gmail.com', 1),
	(149, '2020-02-14 09:00:00', '2020-02-14 18:00:00', 'taetae@gmail.com', 1),
	(150, '2020-02-17 09:00:00', '2020-02-17 18:00:00', 'taetae@gmail.com', 1),
	(151, '2020-02-18 09:00:00', '2020-02-18 18:00:00', 'taetae@gmail.com', 1),
	(152, '2020-02-19 09:00:00', '2020-02-19 18:00:00', 'taetae@gmail.com', 1),
	(153, '2020-02-20 09:00:00', '2020-02-20 18:00:00', 'taetae@gmail.com', 1),
	(154, '2020-02-21 09:00:00', '2020-02-21 18:00:00', 'taetae@gmail.com', 1),
	(155, '2019-11-01 09:00:00', '2019-11-01 18:00:00', 'devel1@gmail.com', 1),
	(156, '2019-11-04 09:00:00', '2019-11-04 18:00:00', 'devel1@gmail.com', 1),
	(157, '2019-11-05 09:00:00', '2019-11-05 18:00:00', 'devel1@gmail.com', 1),
	(158, '2019-11-06 09:00:00', '2019-11-06 18:00:00', 'devel1@gmail.com', 1),
	(159, '2019-11-07 09:00:00', '2019-11-07 18:00:00', 'devel1@gmail.com', 1),
	(160, '2019-11-08 09:00:00', '2019-11-08 18:00:00', 'devel1@gmail.com', 1),
	(161, '2019-11-11 09:00:00', '2019-11-11 18:00:00', 'devel1@gmail.com', 1),
	(162, '2019-11-12 09:00:00', '2019-11-12 18:00:00', 'devel1@gmail.com', 1),
	(163, '2019-11-13 09:00:00', '2019-11-13 18:00:00', 'devel1@gmail.com', 1),
	(164, '2019-11-14 09:00:00', '2019-11-14 18:00:00', 'devel1@gmail.com', 1),
	(165, '2019-11-15 09:00:00', '2019-11-15 18:00:00', 'devel1@gmail.com', 1),
	(166, '2019-11-18 09:00:00', '2019-11-18 18:00:00', 'devel1@gmail.com', 1),
	(167, '2019-11-19 09:00:00', '2019-11-19 18:00:00', 'devel1@gmail.com', 1),
	(168, '2019-11-20 09:00:00', '2019-11-20 18:00:00', 'devel1@gmail.com', 1),
	(169, '2019-11-21 09:00:00', '2019-11-21 18:00:00', 'devel1@gmail.com', 1),
	(170, '2019-11-22 09:00:00', '2019-11-22 18:00:00', 'devel1@gmail.com', 1),
	(171, '2019-11-25 09:00:00', '2019-11-25 18:00:00', 'devel1@gmail.com', 1),
	(172, '2019-11-26 09:00:00', '2019-11-26 18:00:00', 'devel1@gmail.com', 1),
	(173, '2019-11-27 09:00:00', '2019-11-27 18:00:00', 'devel1@gmail.com', 1),
	(174, '2019-11-28 09:00:00', '2019-11-28 18:00:00', 'devel1@gmail.com', 1),
	(175, '2019-11-29 09:00:00', '2019-11-29 18:00:00', 'devel1@gmail.com', 1),
	(176, '2019-12-02 09:00:00', '2019-12-02 18:00:00', 'devel1@gmail.com', 1),
	(177, '2019-12-03 09:00:00', '2019-12-03 18:00:00', 'devel1@gmail.com', 1),
	(178, '2019-12-04 09:00:00', '2019-12-04 18:00:00', 'devel1@gmail.com', 1),
	(179, '2019-12-05 09:00:00', '2019-12-05 18:00:00', 'devel1@gmail.com', 1),
	(180, '2019-12-06 09:00:00', '2019-12-06 18:00:00', 'devel1@gmail.com', 1),
	(181, '2019-12-09 09:00:00', '2019-12-09 18:00:00', 'devel1@gmail.com', 1),
	(182, '2019-12-10 09:00:00', '2019-12-10 18:00:00', 'devel1@gmail.com', 1),
	(183, '2019-12-11 09:00:00', '2019-12-11 18:00:00', 'devel1@gmail.com', 1),
	(184, '2019-12-12 09:00:00', '2019-12-12 18:00:00', 'devel1@gmail.com', 1),
	(185, '2019-12-13 09:00:00', '2019-12-13 18:00:00', 'devel1@gmail.com', 1),
	(186, '2019-12-16 09:00:00', '2019-12-16 18:00:00', 'devel1@gmail.com', 1),
	(187, '2019-12-17 09:00:00', '2019-12-17 18:00:00', 'devel1@gmail.com', 1),
	(188, '2019-12-18 09:00:00', '2019-12-18 18:00:00', 'devel1@gmail.com', 1),
	(189, '2019-12-19 09:00:00', '2019-12-19 18:00:00', 'devel1@gmail.com', 1),
	(190, '2019-12-20 09:00:00', '2019-12-20 18:00:00', 'devel1@gmail.com', 1),
	(191, '2019-12-23 09:00:00', '2019-12-23 18:00:00', 'devel1@gmail.com', 1),
	(192, '2019-12-24 09:00:00', '2019-12-24 18:00:00', 'devel1@gmail.com', 1),
	(193, '2019-12-26 09:00:00', '2019-12-26 18:00:00', 'devel1@gmail.com', 1),
	(194, '2019-12-27 09:00:00', '2019-12-27 18:00:00', 'devel1@gmail.com', 1),
	(195, '2019-12-30 09:00:00', '2019-12-30 18:00:00', 'devel1@gmail.com', 1),
	(196, '2019-12-31 09:00:00', '2019-12-31 18:00:00', 'devel1@gmail.com', 1),
	(197, '2020-01-02 09:00:00', '2020-01-02 18:00:00', 'devel1@gmail.com', 1),
	(198, '2020-01-03 09:00:00', '2020-01-03 18:00:00', 'devel1@gmail.com', 1),
	(199, '2020-01-06 09:00:00', '2020-01-06 18:00:00', 'devel1@gmail.com', 1),
	(200, '2020-01-07 09:00:00', '2020-01-07 18:00:00', 'devel1@gmail.com', 1),
	(201, '2020-01-08 09:00:00', '2020-01-08 18:00:00', 'devel1@gmail.com', 1),
	(202, '2020-01-09 09:00:00', '2020-01-09 18:00:00', 'devel1@gmail.com', 1),
	(203, '2020-01-10 09:00:00', '2020-01-10 18:00:00', 'devel1@gmail.com', 1),
	(204, '2020-01-13 09:00:00', '2020-01-13 18:00:00', 'devel1@gmail.com', 1),
	(205, '2020-01-14 09:00:00', '2020-01-14 18:00:00', 'devel1@gmail.com', 1),
	(206, '2020-01-15 09:00:00', '2020-01-15 18:00:00', 'devel1@gmail.com', 1),
	(207, '2020-01-16 09:00:00', '2020-01-16 18:00:00', 'devel1@gmail.com', 1),
	(208, '2020-01-17 09:00:00', '2020-01-17 18:00:00', 'devel1@gmail.com', 1),
	(209, '2020-01-20 09:00:00', '2020-01-20 18:00:00', 'devel1@gmail.com', 1),
	(210, '2020-01-21 09:00:00', '2020-01-21 18:00:00', 'devel1@gmail.com', 1),
	(211, '2020-01-22 09:00:00', '2020-01-22 18:00:00', 'devel1@gmail.com', 1),
	(212, '2020-01-23 09:00:00', '2020-01-23 18:00:00', 'devel1@gmail.com', 1),
	(213, '2020-01-28 09:00:00', '2020-01-28 18:00:00', 'devel1@gmail.com', 1),
	(214, '2020-01-29 09:00:00', '2020-01-29 18:00:00', 'devel1@gmail.com', 1),
	(215, '2020-01-30 09:00:00', '2020-01-30 18:00:00', 'devel1@gmail.com', 1),
	(216, '2020-01-31 09:00:00', '2020-01-31 18:00:00', 'devel1@gmail.com', 1),
	(217, '2020-02-03 09:00:00', '2020-02-03 18:00:00', 'devel1@gmail.com', 1),
	(218, '2020-02-04 09:00:00', '2020-02-04 18:00:00', 'devel1@gmail.com', 1),
	(219, '2020-02-05 09:00:00', '2020-02-05 18:00:00', 'devel1@gmail.com', 1),
	(220, '2020-02-06 09:00:00', '2020-02-06 18:00:00', 'devel1@gmail.com', 1),
	(221, '2020-02-07 09:00:00', '2020-02-07 18:00:00', 'devel1@gmail.com', 1),
	(222, '2020-02-10 09:00:00', '2020-02-10 18:00:00', 'devel1@gmail.com', 1),
	(223, '2020-02-11 09:00:00', '2020-02-11 18:00:00', 'devel1@gmail.com', 1),
	(224, '2020-02-12 09:00:00', '2020-02-12 18:00:00', 'devel1@gmail.com', 1),
	(225, '2020-02-13 09:00:00', '2020-02-13 18:00:00', 'devel1@gmail.com', 1),
	(226, '2020-02-14 09:00:00', '2020-02-14 18:00:00', 'devel1@gmail.com', 1),
	(227, '2020-02-17 09:00:00', '2020-02-17 18:00:00', 'devel1@gmail.com', 1),
	(228, '2020-02-18 09:00:00', '2020-02-18 18:00:00', 'devel1@gmail.com', 1),
	(229, '2020-02-19 09:00:00', '2020-02-19 18:00:00', 'devel1@gmail.com', 1),
	(230, '2020-02-20 09:00:00', '2020-02-20 18:00:00', 'devel1@gmail.com', 1),
	(231, '2020-02-21 09:00:00', '2020-02-21 18:00:00', 'devel1@gmail.com', 1),
	(232, '2019-11-01 09:00:00', '2019-11-01 18:00:00', 'ukjae@gmail.com', 1),
	(233, '2019-11-04 09:00:00', '2019-11-04 18:00:00', 'ukjae@gmail.com', 1),
	(234, '2019-11-05 09:00:00', '2019-11-05 18:00:00', 'ukjae@gmail.com', 1),
	(235, '2019-11-06 09:00:00', '2019-11-06 18:00:00', 'ukjae@gmail.com', 1),
	(236, '2019-11-07 09:00:00', '2019-11-07 18:00:00', 'ukjae@gmail.com', 1),
	(237, '2019-11-08 09:00:00', '2019-11-08 18:00:00', 'ukjae@gmail.com', 1),
	(238, '2019-11-11 09:00:00', '2019-11-11 18:00:00', 'ukjae@gmail.com', 1),
	(239, '2019-11-12 09:00:00', '2019-11-12 18:00:00', 'ukjae@gmail.com', 1),
	(240, '2019-11-13 09:00:00', '2019-11-13 18:00:00', 'ukjae@gmail.com', 1),
	(241, '2019-11-14 09:00:00', '2019-11-14 18:00:00', 'ukjae@gmail.com', 1),
	(242, '2019-11-15 09:00:00', '2019-11-15 18:00:00', 'ukjae@gmail.com', 1),
	(243, '2019-11-18 09:00:00', '2019-11-18 18:00:00', 'ukjae@gmail.com', 1),
	(244, '2019-11-19 09:00:00', '2019-11-19 18:00:00', 'ukjae@gmail.com', 1),
	(245, '2019-11-20 09:00:00', '2019-11-20 18:00:00', 'ukjae@gmail.com', 1),
	(246, '2019-11-21 09:00:00', '2019-11-21 18:00:00', 'ukjae@gmail.com', 1),
	(247, '2019-11-22 09:00:00', '2019-11-22 18:00:00', 'ukjae@gmail.com', 1),
	(248, '2019-11-25 09:00:00', '2019-11-25 18:00:00', 'ukjae@gmail.com', 1),
	(249, '2019-11-26 09:00:00', '2019-11-26 18:00:00', 'ukjae@gmail.com', 1),
	(250, '2019-11-27 09:00:00', '2019-11-27 18:00:00', 'ukjae@gmail.com', 1),
	(251, '2019-11-28 09:00:00', '2019-11-28 18:00:00', 'ukjae@gmail.com', 1),
	(252, '2019-11-29 09:00:00', '2019-11-29 18:00:00', 'ukjae@gmail.com', 1),
	(253, '2019-12-02 09:00:00', '2019-12-02 18:00:00', 'ukjae@gmail.com', 1),
	(254, '2019-12-03 09:00:00', '2019-12-03 18:00:00', 'ukjae@gmail.com', 1),
	(255, '2019-12-04 09:00:00', '2019-12-04 18:00:00', 'ukjae@gmail.com', 1),
	(256, '2019-12-05 09:00:00', '2019-12-05 18:00:00', 'ukjae@gmail.com', 1),
	(257, '2019-12-06 09:00:00', '2019-12-06 18:00:00', 'ukjae@gmail.com', 1),
	(258, '2019-12-09 09:00:00', '2019-12-09 18:00:00', 'ukjae@gmail.com', 1),
	(259, '2019-12-10 09:00:00', '2019-12-10 18:00:00', 'ukjae@gmail.com', 1),
	(260, '2019-12-11 09:00:00', '2019-12-11 18:00:00', 'ukjae@gmail.com', 1),
	(261, '2019-12-12 09:00:00', '2019-12-12 18:00:00', 'ukjae@gmail.com', 1),
	(262, '2019-12-13 09:00:00', '2019-12-13 18:00:00', 'ukjae@gmail.com', 1),
	(263, '2019-12-16 09:00:00', '2019-12-16 18:00:00', 'ukjae@gmail.com', 1),
	(264, '2019-12-17 09:00:00', '2019-12-17 18:00:00', 'ukjae@gmail.com', 1),
	(265, '2019-12-18 09:00:00', '2019-12-18 18:00:00', 'ukjae@gmail.com', 1),
	(266, '2019-12-19 09:00:00', '2019-12-19 18:00:00', 'ukjae@gmail.com', 1),
	(267, '2019-12-20 09:00:00', '2019-12-20 18:00:00', 'ukjae@gmail.com', 1),
	(268, '2019-12-23 09:00:00', '2019-12-23 18:00:00', 'ukjae@gmail.com', 1),
	(269, '2019-12-24 09:00:00', '2019-12-24 18:00:00', 'ukjae@gmail.com', 1),
	(270, '2019-12-26 09:00:00', '2019-12-26 18:00:00', 'ukjae@gmail.com', 1),
	(271, '2019-12-27 09:00:00', '2019-12-27 18:00:00', 'ukjae@gmail.com', 1),
	(272, '2019-12-30 09:00:00', '2019-12-30 18:00:00', 'ukjae@gmail.com', 1),
	(273, '2019-12-31 09:00:00', '2019-12-31 18:00:00', 'ukjae@gmail.com', 1),
	(274, '2020-01-02 09:00:00', '2020-01-02 18:00:00', 'ukjae@gmail.com', 1),
	(275, '2020-01-03 09:00:00', '2020-01-03 18:00:00', 'ukjae@gmail.com', 1),
	(276, '2020-01-06 09:00:00', '2020-01-06 18:00:00', 'ukjae@gmail.com', 1),
	(277, '2020-01-07 09:00:00', '2020-01-07 18:00:00', 'ukjae@gmail.com', 1),
	(278, '2020-01-08 09:00:00', '2020-01-08 18:00:00', 'ukjae@gmail.com', 1),
	(279, '2020-01-09 09:00:00', '2020-01-09 18:00:00', 'ukjae@gmail.com', 1),
	(280, '2020-01-10 09:00:00', '2020-01-10 18:00:00', 'ukjae@gmail.com', 1),
	(281, '2020-01-13 09:00:00', '2020-01-13 18:00:00', 'ukjae@gmail.com', 1),
	(282, '2020-01-14 09:00:00', '2020-01-14 18:00:00', 'ukjae@gmail.com', 1),
	(283, '2020-01-15 09:00:00', '2020-01-15 18:00:00', 'ukjae@gmail.com', 1),
	(284, '2020-01-16 09:00:00', '2020-01-16 18:00:00', 'ukjae@gmail.com', 1),
	(285, '2020-01-17 09:00:00', '2020-01-17 18:00:00', 'ukjae@gmail.com', 1),
	(286, '2020-01-20 09:00:00', '2020-01-20 18:00:00', 'ukjae@gmail.com', 1),
	(287, '2020-01-21 09:00:00', '2020-01-21 18:00:00', 'ukjae@gmail.com', 1),
	(288, '2020-01-22 09:00:00', '2020-01-22 18:00:00', 'ukjae@gmail.com', 1),
	(289, '2020-01-23 09:00:00', '2020-01-23 18:00:00', 'ukjae@gmail.com', 1),
	(290, '2020-01-28 09:00:00', '2020-01-28 18:00:00', 'ukjae@gmail.com', 1),
	(291, '2020-01-29 09:00:00', '2020-01-29 18:00:00', 'ukjae@gmail.com', 1),
	(292, '2020-01-30 09:00:00', '2020-01-30 18:00:00', 'ukjae@gmail.com', 1),
	(293, '2020-01-31 09:00:00', '2020-01-31 18:00:00', 'ukjae@gmail.com', 1),
	(294, '2020-02-03 09:00:00', '2020-02-03 18:00:00', 'ukjae@gmail.com', 1),
	(295, '2020-02-04 09:00:00', '2020-02-04 18:00:00', 'ukjae@gmail.com', 1),
	(296, '2020-02-05 09:00:00', '2020-02-05 18:00:00', 'ukjae@gmail.com', 1),
	(297, '2020-02-06 09:00:00', '2020-02-06 18:00:00', 'ukjae@gmail.com', 1),
	(298, '2020-02-07 09:00:00', '2020-02-07 18:00:00', 'ukjae@gmail.com', 1),
	(299, '2020-02-10 09:00:00', '2020-02-10 18:00:00', 'ukjae@gmail.com', 1),
	(300, '2020-02-11 09:00:00', '2020-02-11 18:00:00', 'ukjae@gmail.com', 1),
	(301, '2020-02-12 09:00:00', '2020-02-12 18:00:00', 'ukjae@gmail.com', 1),
	(302, '2020-02-13 09:00:00', '2020-02-13 18:00:00', 'ukjae@gmail.com', 1),
	(303, '2020-02-14 09:00:00', '2020-02-14 18:00:00', 'ukjae@gmail.com', 1),
	(304, '2020-02-17 09:00:00', '2020-02-17 18:00:00', 'ukjae@gmail.com', 1),
	(305, '2020-02-18 09:00:00', '2020-02-18 18:00:00', 'ukjae@gmail.com', 1),
	(306, '2020-02-19 09:00:00', '2020-02-19 18:00:00', 'ukjae@gmail.com', 1),
	(307, '2020-02-20 09:00:00', '2020-02-20 18:00:00', 'ukjae@gmail.com', 1),
	(308, '2020-02-21 09:00:00', '2020-02-21 18:00:00', 'ukjae@gmail.com', 1),
	(309, '2019-11-01 09:00:00', '2019-11-01 18:00:00', 'a157@gmail.com', 1),
	(310, '2019-11-04 09:00:00', '2019-11-04 18:00:00', 'a157@gmail.com', 1),
	(311, '2019-11-05 09:00:00', '2019-11-05 18:00:00', 'a157@gmail.com', 1),
	(312, '2019-11-06 09:00:00', '2019-11-06 18:00:00', 'a157@gmail.com', 1),
	(313, '2019-11-07 09:00:00', '2019-11-07 18:00:00', 'a157@gmail.com', 1),
	(314, '2019-11-08 09:00:00', '2019-11-08 18:00:00', 'a157@gmail.com', 1),
	(315, '2019-11-11 09:00:00', '2019-11-11 18:00:00', 'a157@gmail.com', 1),
	(316, '2019-11-12 09:00:00', '2019-11-12 18:00:00', 'a157@gmail.com', 1),
	(317, '2019-11-13 09:00:00', '2019-11-13 18:00:00', 'a157@gmail.com', 1),
	(318, '2019-11-14 09:00:00', '2019-11-14 18:00:00', 'a157@gmail.com', 1),
	(319, '2019-11-15 09:00:00', '2019-11-15 18:00:00', 'a157@gmail.com', 1),
	(320, '2019-11-18 09:00:00', '2019-11-18 18:00:00', 'a157@gmail.com', 1),
	(321, '2019-11-19 09:00:00', '2019-11-19 18:00:00', 'a157@gmail.com', 1),
	(322, '2019-11-20 09:00:00', '2019-11-20 18:00:00', 'a157@gmail.com', 1),
	(323, '2019-11-21 09:00:00', '2019-11-21 18:00:00', 'a157@gmail.com', 1),
	(324, '2019-11-22 09:00:00', '2019-11-22 18:00:00', 'a157@gmail.com', 1),
	(325, '2019-11-25 09:00:00', '2019-11-25 18:00:00', 'a157@gmail.com', 1),
	(326, '2019-11-26 09:00:00', '2019-11-26 18:00:00', 'a157@gmail.com', 1),
	(327, '2019-11-27 09:00:00', '2019-11-27 18:00:00', 'a157@gmail.com', 1),
	(328, '2019-11-28 09:00:00', '2019-11-28 18:00:00', 'a157@gmail.com', 1),
	(329, '2019-11-29 09:00:00', '2019-11-29 18:00:00', 'a157@gmail.com', 1),
	(330, '2019-12-02 09:00:00', '2019-12-02 18:00:00', 'a157@gmail.com', 1),
	(331, '2019-12-03 09:00:00', '2019-12-03 18:00:00', 'a157@gmail.com', 1),
	(332, '2019-12-04 09:00:00', '2019-12-04 18:00:00', 'a157@gmail.com', 1),
	(333, '2019-12-05 09:00:00', '2019-12-05 18:00:00', 'a157@gmail.com', 1),
	(334, '2019-12-06 09:00:00', '2019-12-06 18:00:00', 'a157@gmail.com', 1),
	(335, '2019-12-09 09:00:00', '2019-12-09 18:00:00', 'a157@gmail.com', 1),
	(336, '2019-12-10 09:00:00', '2019-12-10 18:00:00', 'a157@gmail.com', 1),
	(337, '2019-12-11 09:00:00', '2019-12-11 18:00:00', 'a157@gmail.com', 1),
	(338, '2019-12-12 09:00:00', '2019-12-12 18:00:00', 'a157@gmail.com', 1),
	(339, '2019-12-13 09:00:00', '2019-12-13 18:00:00', 'a157@gmail.com', 1),
	(340, '2019-12-16 09:00:00', '2019-12-16 18:00:00', 'a157@gmail.com', 1),
	(341, '2019-12-17 09:00:00', '2019-12-17 18:00:00', 'a157@gmail.com', 1),
	(342, '2019-12-18 09:00:00', '2019-12-18 18:00:00', 'a157@gmail.com', 1),
	(343, '2019-12-19 09:00:00', '2019-12-19 18:00:00', 'a157@gmail.com', 1),
	(344, '2019-12-20 09:00:00', '2019-12-20 18:00:00', 'a157@gmail.com', 1),
	(345, '2019-12-23 09:00:00', '2019-12-23 18:00:00', 'a157@gmail.com', 1),
	(346, '2019-12-24 09:00:00', '2019-12-24 18:00:00', 'a157@gmail.com', 1),
	(347, '2019-12-26 09:00:00', '2019-12-26 18:00:00', 'a157@gmail.com', 1),
	(348, '2019-12-27 09:00:00', '2019-12-27 18:00:00', 'a157@gmail.com', 1),
	(349, '2019-12-30 09:00:00', '2019-12-30 18:00:00', 'a157@gmail.com', 1),
	(350, '2019-12-31 09:00:00', '2019-12-31 18:00:00', 'a157@gmail.com', 1),
	(351, '2020-01-02 09:00:00', '2020-01-02 18:00:00', 'a157@gmail.com', 1),
	(352, '2020-01-03 09:00:00', '2020-01-03 18:00:00', 'a157@gmail.com', 1),
	(353, '2020-01-06 09:00:00', '2020-01-06 18:00:00', 'a157@gmail.com', 1),
	(354, '2020-01-07 09:00:00', '2020-01-07 18:00:00', 'a157@gmail.com', 1),
	(355, '2020-01-08 09:00:00', '2020-01-08 18:00:00', 'a157@gmail.com', 1),
	(356, '2020-01-09 09:00:00', '2020-01-09 18:00:00', 'a157@gmail.com', 1),
	(357, '2020-01-10 09:00:00', '2020-01-10 18:00:00', 'a157@gmail.com', 1),
	(358, '2020-01-13 09:00:00', '2020-01-13 18:00:00', 'a157@gmail.com', 1),
	(359, '2020-01-14 09:00:00', '2020-01-14 18:00:00', 'a157@gmail.com', 1),
	(360, '2020-01-15 09:00:00', '2020-01-15 18:00:00', 'a157@gmail.com', 1),
	(361, '2020-01-16 09:00:00', '2020-01-16 18:00:00', 'a157@gmail.com', 1),
	(362, '2020-01-17 09:00:00', '2020-01-17 18:00:00', 'a157@gmail.com', 1),
	(363, '2020-01-20 09:00:00', '2020-01-20 18:00:00', 'a157@gmail.com', 1),
	(364, '2020-01-21 09:00:00', '2020-01-21 18:00:00', 'a157@gmail.com', 1),
	(365, '2020-01-22 09:00:00', '2020-01-22 18:00:00', 'a157@gmail.com', 1),
	(366, '2020-01-23 09:00:00', '2020-01-23 18:00:00', 'a157@gmail.com', 1),
	(367, '2020-01-28 09:00:00', '2020-01-28 18:00:00', 'a157@gmail.com', 1),
	(368, '2020-01-29 09:00:00', '2020-01-29 18:00:00', 'a157@gmail.com', 1),
	(369, '2020-01-30 09:00:00', '2020-01-30 18:00:00', 'a157@gmail.com', 1),
	(370, '2020-01-31 09:00:00', '2020-01-31 18:00:00', 'a157@gmail.com', 1),
	(371, '2020-02-03 09:00:00', '2020-02-03 18:00:00', 'a157@gmail.com', 1),
	(372, '2020-02-04 09:00:00', '2020-02-04 18:00:00', 'a157@gmail.com', 1),
	(373, '2020-02-05 09:00:00', '2020-02-05 18:00:00', 'a157@gmail.com', 1),
	(374, '2020-02-06 09:00:00', '2020-02-06 18:00:00', 'a157@gmail.com', 1),
	(375, '2020-02-07 09:00:00', '2020-02-07 18:00:00', 'a157@gmail.com', 1),
	(376, '2020-02-10 09:00:00', '2020-02-10 18:00:00', 'a157@gmail.com', 1),
	(377, '2020-02-11 09:00:00', '2020-02-11 18:00:00', 'a157@gmail.com', 1),
	(378, '2020-02-12 09:00:00', '2020-02-12 18:00:00', 'a157@gmail.com', 1),
	(379, '2020-02-13 09:00:00', '2020-02-13 18:00:00', 'a157@gmail.com', 1),
	(380, '2020-02-14 09:00:00', '2020-02-14 18:00:00', 'a157@gmail.com', 1),
	(381, '2020-02-17 09:00:00', '2020-02-17 18:00:00', 'a157@gmail.com', 1),
	(382, '2020-02-18 09:00:00', '2020-02-18 18:00:00', 'a157@gmail.com', 1),
	(383, '2020-02-19 09:00:00', '2020-02-19 18:00:00', 'a157@gmail.com', 1),
	(384, '2020-02-20 09:00:00', '2020-02-20 18:00:00', 'a157@gmail.com', 1),
	(385, '2020-02-21 09:00:00', '2020-02-21 18:00:00', 'a157@gmail.com', 1),
	(386, '2020-02-05 19:12:41', '2020-02-05 19:12:54', 'a157@gmail.com', 1),
	(387, '2020-02-06 15:58:29', '2020-02-07 11:42:14', 'dobeekim@gmail.com', 1),
	(388, '2020-02-07 09:45:28', '2020-02-07 15:12:10', 'dnjsvltm327@gmail.com', 1),
	(389, '2020-02-07 09:53:21', '2020-02-07 09:59:57', 'a157@gmail.com', 1),
	(390, '2020-02-07 11:19:49', NULL, 'a157@gmail.com', 1),
	(391, '2020-02-07 11:42:22', '2020-02-07 11:42:27', 'dobeekim@gmail.com', 1);
/*!40000 ALTER TABLE `attend` ENABLE KEYS */;

-- 테이블 데이터 dobee_new.attendcode:~2 rows (대략적) 내보내기
/*!40000 ALTER TABLE `attendcode` DISABLE KEYS */;
INSERT INTO `attendcode` (`ATTCODE`, `ATTDIV`) VALUES
	(1, '출/퇴근'),
	(2, '부재');
/*!40000 ALTER TABLE `attendcode` ENABLE KEYS */;

-- 테이블 데이터 dobee_new.authority:~3 rows (대략적) 내보내기
/*!40000 ALTER TABLE `authority` DISABLE KEYS */;
INSERT INTO `authority` (`AUTHCODE`, `AUTH`) VALUES
	(1, 'ROLE_ADMIN'),
	(2, 'ROLE_USER'),
	(3, 'ROLE_MANAGER');
/*!40000 ALTER TABLE `authority` ENABLE KEYS */;

-- 테이블 데이터 dobee_new.break:~20 rows (대략적) 내보내기
/*!40000 ALTER TABLE `break` DISABLE KEYS */;
INSERT INTO `break` (`MAIL`, `TOTALBREAK`, `USEDBREAK`) VALUES
	('a157@gmail.com', 27, 0),
	('admin@gmail.com', 27, 0),
	('b157@gmail.com', 27, 0),
	('c157@gmail.com', 27, 0),
	('d157@gmail.com', 27, 0),
	('devel1@gmail.com', 27, 0),
	('devel2@gmail.com', 27, 0),
	('devel3@gmail.com', 27, 0),
	('devel4@gmail.com', 27, 0),
	('devel5@gmail.com', 27, 0),
	('dnjsvltm327@gmail.com', 27, 0),
	('dobeekim@gmail.com', 27, 0),
	('e157@gmail.com', 27, 0),
	('kkm8314@gmail.com', 27, 0),
	('plan2@gmail.com', 27, 0),
	('plan3@gmail.com', 27, 0),
	('plan4@gmail.com', 27, 0),
	('plan5@gmail.com', 27, 0),
	('taetae@gmail.com', 27, 0),
	('ukjae@gmail.com', 27, 0);
/*!40000 ALTER TABLE `break` ENABLE KEYS */;

-- 테이블 데이터 dobee_new.breaklist:~0 rows (대략적) 내보내기
/*!40000 ALTER TABLE `breaklist` DISABLE KEYS */;
/*!40000 ALTER TABLE `breaklist` ENABLE KEYS */;

-- 테이블 데이터 dobee_new.chatcode:~3 rows (대략적) 내보내기
/*!40000 ALTER TABLE `chatcode` DISABLE KEYS */;
INSERT INTO `chatcode` (`CHATCODE`, `CHATTYPE`) VALUES
	(1, 'SELF'),
	(2, 'DM'),
	(3, 'GROUP');
/*!40000 ALTER TABLE `chatcode` ENABLE KEYS */;

-- 테이블 데이터 dobee_new.chatcontent:~2 rows (대략적) 내보내기
/*!40000 ALTER TABLE `chatcontent` DISABLE KEYS */;
INSERT INTO `chatcontent` (`CHATMSGSEQ`, `CHATCONTENT`, `CHATTIME`, `CHATSEQ`, `MAIL`) VALUES
	(1, 'ㅎㅎㅎ', '2020-02-07 17:34:00', 2, 'dobeekim@gmail.com'),
	(2, 'ㅋㅋㅋㅋ', '2020-02-07 17:34:00', 2, 'dobeekim@gmail.com');
/*!40000 ALTER TABLE `chatcontent` ENABLE KEYS */;

-- 테이블 데이터 dobee_new.chatroom:~1 rows (대략적) 내보내기
/*!40000 ALTER TABLE `chatroom` DISABLE KEYS */;
INSERT INTO `chatroom` (`CHATSEQ`, `CHATROOMNAME`, `CHATCODE`) VALUES
	(2, 'dobeekim@gmail.com', 1);
/*!40000 ALTER TABLE `chatroom` ENABLE KEYS */;

-- 테이블 데이터 dobee_new.chatusers:~1 rows (대략적) 내보내기
/*!40000 ALTER TABLE `chatusers` DISABLE KEYS */;
INSERT INTO `chatusers` (`CHATUSERSEQ`, `CHATSEQ`, `MAIL`) VALUES
	(3, 2, 'dobeekim@gmail.com');
/*!40000 ALTER TABLE `chatusers` ENABLE KEYS */;

-- 테이블 데이터 dobee_new.checklist:~160 rows (대략적) 내보내기
/*!40000 ALTER TABLE `checklist` DISABLE KEYS */;
INSERT INTO `checklist` (`CHKSEQ`, `CONTENT`, `ISCHECK`, `TSKSEQ`) VALUES
	(1, '양식과 동일합니까?', 0, 1),
	(2, '검토를 하였습니까?', 1, 1),
	(3, '양식과 동일합니까?', 0, 2),
	(4, '검토를 하였습니까?', 1, 2),
	(5, '양식과 동일합니까?', 0, 3),
	(6, '검토를 하였습니까?', 1, 4),
	(7, '양식과 동일합니까?', 0, 4),
	(8, '검토를 하였습니까?', 1, 5),
	(9, '양식과 동일합니까?', 0, 5),
	(10, '검토를 하였습니까?', 1, 6),
	(11, '양식과 동일합니까?', 0, 6),
	(12, '검토를 하였습니까?', 1, 7),
	(13, '양식과 동일합니까?', 0, 7),
	(14, '검토를 하였습니까?', 1, 8),
	(15, '양식과 동일합니까?', 0, 8),
	(16, '검토를 하였습니까?', 1, 9),
	(17, '양식과 동일합니까?', 0, 9),
	(18, '검토를 하였습니까?', 1, 10),
	(19, '양식과 동일합니까?', 0, 10),
	(20, '검토를 하였습니까?', 1, 11),
	(21, '양식과 동일합니까?', 0, 11),
	(22, '검토를 하였습니까?', 1, 12),
	(23, '양식과 동일합니까?', 0, 12),
	(24, '검토를 하였습니까?', 1, 13),
	(25, '양식과 동일합니까?', 0, 13),
	(26, '검토를 하였습니까?', 1, 14),
	(27, '양식과 동일합니까?', 0, 14),
	(28, '검토를 하였습니까?', 1, 15),
	(29, '양식과 동일합니까?', 0, 15),
	(30, '검토를 하였습니까?', 1, 16),
	(31, '양식과 동일합니까?', 0, 16),
	(32, '검토를 하였습니까?', 1, 17),
	(33, '양식과 동일합니까?', 0, 17),
	(34, '검토를 하였습니까?', 1, 18),
	(35, '양식과 동일합니까?', 0, 18),
	(36, '검토를 하였습니까?', 1, 19),
	(37, '양식과 동일합니까?', 0, 19),
	(38, '검토를 하였습니까?', 1, 20),
	(39, '양식과 동일합니까?', 0, 20),
	(40, '검토를 하였습니까?', 1, 21),
	(41, '양식과 동일합니까?', 0, 21),
	(42, '검토를 하였습니까?', 1, 22),
	(43, '양식과 동일합니까?', 0, 22),
	(44, '검토를 하였습니까?', 1, 23),
	(45, '양식과 동일합니까?', 0, 23),
	(46, '검토를 하였습니까?', 1, 24),
	(47, '양식과 동일합니까?', 0, 24),
	(48, '검토를 하였습니까?', 1, 25),
	(49, '양식과 동일합니까?', 0, 25),
	(50, '검토를 하였습니까?', 1, 26),
	(51, '양식과 동일합니까?', 0, 26),
	(52, '검토를 하였습니까?', 1, 27),
	(53, '양식과 동일합니까?', 0, 27),
	(54, '검토를 하였습니까?', 1, 28),
	(55, '양식과 동일합니까?', 0, 28),
	(56, '검토를 하였습니까?', 1, 29),
	(57, '양식과 동일합니까?', 0, 29),
	(58, '검토를 하였습니까?', 1, 30),
	(59, '양식과 동일합니까?', 0, 30),
	(60, '검토를 하였습니까?', 1, 31),
	(61, '양식과 동일합니까?', 0, 31),
	(62, '검토를 하였습니까?', 1, 32),
	(63, '양식과 동일합니까?', 0, 32),
	(64, '검토를 하였습니까?', 1, 33),
	(65, '양식과 동일합니까?', 0, 33),
	(66, '검토를 하였습니까?', 1, 34),
	(67, '양식과 동일합니까?', 0, 34),
	(68, '검토를 하였습니까?', 1, 35),
	(69, '양식과 동일합니까?', 0, 35),
	(70, '검토를 하였습니까?', 1, 36),
	(71, '양식과 동일합니까?', 0, 36),
	(72, '검토를 하였습니까?', 1, 36),
	(73, '양식과 동일합니까?', 0, 37),
	(74, '검토를 하였습니까?', 1, 37),
	(75, '양식과 동일합니까?', 0, 38),
	(76, '검토를 하였습니까?', 1, 38),
	(77, '양식과 동일합니까?', 0, 39),
	(78, '검토를 하였습니까?', 1, 39),
	(79, '양식과 동일합니까?', 0, 40),
	(80, '검토를 하였습니까?', 1, 40),
	(81, '양식과 동일합니까?', 0, 41),
	(82, '검토를 하였습니까?', 1, 41),
	(83, '양식과 동일합니까?', 0, 42),
	(84, '검토를 하였습니까?', 1, 42),
	(85, '양식과 동일합니까?', 0, 43),
	(86, '검토를 하였습니까?', 1, 43),
	(87, '양식과 동일합니까?', 0, 44),
	(88, '검토를 하였습니까?', 1, 44),
	(89, '양식과 동일합니까?', 0, 45),
	(90, '검토를 하였습니까?', 1, 45),
	(91, '양식과 동일합니까?', 0, 46),
	(92, '검토를 하였습니까?', 1, 46),
	(93, '양식과 동일합니까?', 0, 47),
	(94, '검토를 하였습니까?', 1, 47),
	(95, '양식과 동일합니까?', 0, 48),
	(96, '검토를 하였습니까?', 1, 48),
	(97, '양식과 동일합니까?', 0, 49),
	(98, '검토를 하였습니까?', 1, 49),
	(99, '양식과 동일합니까?', 0, 50),
	(100, '검토를 하였습니까?', 1, 50),
	(101, '양식과 동일합니까?', 0, 51),
	(102, '검토를 하였습니까?', 1, 51),
	(103, '양식과 동일합니까?', 0, 52),
	(104, '검토를 하였습니까?', 1, 52),
	(105, '양식과 동일합니까?', 0, 53),
	(106, '검토를 하였습니까?', 1, 53),
	(107, '양식과 동일합니까?', 0, 54),
	(108, '검토를 하였습니까?', 1, 54),
	(109, '양식과 동일합니까?', 0, 55),
	(110, '검토를 하였습니까?', 1, 55),
	(111, '양식과 동일합니까?', 0, 56),
	(112, '검토를 하였습니까?', 1, 56),
	(113, '양식과 동일합니까?', 0, 57),
	(114, '검토를 하였습니까?', 1, 57),
	(115, '양식과 동일합니까?', 0, 58),
	(116, '검토를 하였습니까?', 1, 58),
	(117, '양식과 동일합니까?', 0, 59),
	(118, '검토를 하였습니까?', 1, 59),
	(119, '양식과 동일합니까?', 0, 60),
	(120, '검토를 하였습니까?', 1, 60),
	(121, '양식과 동일합니까?', 0, 61),
	(122, '검토를 하였습니까?', 1, 61),
	(123, '양식과 동일합니까?', 0, 62),
	(124, '검토를 하였습니까?', 1, 62),
	(125, '양식과 동일합니까?', 0, 63),
	(126, '검토를 하였습니까?', 1, 63),
	(127, '양식과 동일합니까?', 0, 64),
	(128, '검토를 하였습니까?', 1, 64),
	(129, '양식과 동일합니까?', 0, 65),
	(130, '검토를 하였습니까?', 1, 65),
	(131, '양식과 동일합니까?', 0, 66),
	(132, '검토를 하였습니까?', 1, 66),
	(133, '양식과 동일합니까?', 0, 67),
	(134, '검토를 하였습니까?', 1, 67),
	(135, '양식과 동일합니까?', 0, 68),
	(136, '검토를 하였습니까?', 1, 68),
	(137, '양식과 동일합니까?', 0, 69),
	(138, '검토를 하였습니까?', 1, 69),
	(139, '양식과 동일합니까?', 0, 70),
	(140, '검토를 하였습니까?', 1, 70),
	(141, '양식과 동일합니까?', 0, 71),
	(142, '검토를 하였습니까?', 1, 71),
	(143, '양식과 동일합니까?', 0, 72),
	(144, '검토를 하였습니까?', 1, 72),
	(145, '양식과 동일합니까?', 0, 73),
	(146, '검토를 하였습니까?', 1, 73),
	(147, '양식과 동일합니까?', 0, 74),
	(148, '검토를 하였습니까?', 1, 74),
	(149, '양식과 동일합니까?', 0, 75),
	(150, '검토를 하였습니까?', 1, 75),
	(151, '양식과 동일합니까?', 0, 76),
	(152, '검토를 하였습니까?', 1, 76),
	(153, '양식과 동일합니까?', 0, 77),
	(154, '검토를 하였습니까?', 1, 77),
	(155, '양식과 동일합니까?', 0, 78),
	(156, '검토를 하였습니까?', 1, 78),
	(157, '양식과 동일합니까?', 0, 79),
	(158, '검토를 하였습니까?', 1, 79),
	(159, '양식과 동일합니까?', 0, 80),
	(160, '검토를 하였습니까?', 1, 80);
/*!40000 ALTER TABLE `checklist` ENABLE KEYS */;

-- 테이블 데이터 dobee_new.corpschedule:~0 rows (대략적) 내보내기
/*!40000 ALTER TABLE `corpschedule` DISABLE KEYS */;
/*!40000 ALTER TABLE `corpschedule` ENABLE KEYS */;

-- 테이블 데이터 dobee_new.costcode:~8 rows (대략적) 내보내기
/*!40000 ALTER TABLE `costcode` DISABLE KEYS */;
INSERT INTO `costcode` (`COSTCODE`, `ENTRY`) VALUES
	(1, '회식비'),
	(2, '식비'),
	(3, '소모품'),
	(4, '워크샵'),
	(5, '교통비'),
	(6, '접대비'),
	(7, '통신비'),
	(8, '기타');
/*!40000 ALTER TABLE `costcode` ENABLE KEYS */;

-- 테이블 데이터 dobee_new.costlist:~447 rows (대략적) 내보내기
/*!40000 ALTER TABLE `costlist` DISABLE KEYS */;
INSERT INTO `costlist` (`COSTSEQ`, `REGITRECEIPTDATE`, `USEDATE`, `USEAT`, `COST`, `DETAIL`, `COSTCODE`, `CARDNUM`, `MAIL`) VALUES
	(1, '2015-01-05', '2015-01-02 00:00:00', '서래갈매기 강남역점', 48000, '분기 회식비용 ', 1, '4321-4321-4321-4321', 'taetae@gmail.com'),
	(2, '2015-01-10', '2015-01-07 00:00:00', '모닝글로리 서초역점', 17900, '사무용품 구입', 2, '1234-1234-1234-1234', 'taetae@gmail.com'),
	(3, '2015-01-15', '2015-01-12 00:00:00', '금호렌트카', 120000, '워크샵 차량 렌트 비용', 3, '4321-4321-4321-4321', 'taetae@gmail.com'),
	(4, '2015-01-20', '2015-01-17 00:00:00', 'SK텔레콤 주식회사', 85000, '전달 통신료 사용료 ', 4, '1234-1234-1234-1234', 'taetae@gmail.com'),
	(5, '2015-01-25', '2015-01-22 00:00:00', '진해장 강남역점', 250000, '분기 회식비용 ', 5, '4321-4321-4321-4321', 'taetae@gmail.com'),
	(6, '2015-01-30', '2015-01-27 00:00:00', '교보문고 강남역점', 24200, '사무용품 구입', 6, '1234-1234-1234-1234', 'ukjae@gmail.com'),
	(7, '2015-02-04', '2015-02-01 00:00:00', '금호렌트카', 100000, '워크샵 차량 렌트 비용', 7, '4321-4321-4321-4321', 'ukjae@gmail.com'),
	(8, '2015-02-09', '2015-02-06 00:00:00', 'LG텔레콤 주식회사', 275000, '전달 통신료 사용료 ', 1, '1234-1234-1234-1234', 'devel1@gmail.com'),
	(9, '2015-02-14', '2015-02-11 00:00:00', '서래갈매기 강남역점', 50000, '분기 회식비용 ', 2, '4321-4321-4321-4321', 'devel1@gmail.com'),
	(10, '2015-02-19', '2015-02-16 00:00:00', '모닝글로리 서초역점', 24200, '사무용품 구입', 3, '1234-1234-1234-1234', 'devel1@gmail.com'),
	(11, '2015-02-24', '2015-02-21 00:00:00', '금호렌트카', 100000, '워크샵 차량 렌트 비용', 4, '4321-4321-4321-4321', 'devel1@gmail.com'),
	(12, '2015-03-01', '2015-02-26 00:00:00', 'SK텔레콤 주식회사', 75000, '전달 통신료 사용료 ', 5, '1234-1234-1234-1234', 'devel1@gmail.com'),
	(13, '2015-03-06', '2015-03-03 00:00:00', '진해장 강남역점', 50000, '분기 회식비용 ', 6, '4321-4321-4321-4321', 'devel1@gmail.com'),
	(14, '2015-03-11', '2015-03-08 00:00:00', '교보문고 강남역점', 24200, '사무용품 구입', 7, '1234-1234-1234-1234', 'devel1@gmail.com'),
	(15, '2015-03-16', '2015-03-13 00:00:00', '금호렌트카', 100000, '워크샵 차량 렌트 비용', 1, '4321-4321-4321-4321', 'devel1@gmail.com'),
	(16, '2015-03-21', '2015-03-18 00:00:00', 'LG텔레콤 주식회사', 75000, '전달 통신료 사용료 ', 2, '1234-1234-1234-1234', 'devel1@gmail.com'),
	(17, '2015-03-26', '2015-03-23 00:00:00', '서래갈매기 강남역점', 48000, '분기 회식비용 ', 3, '4321-4321-4321-4321', 'devel1@gmail.com'),
	(18, '2015-03-31', '2015-03-28 00:00:00', '모닝글로리 서초역점', 17900, '사무용품 구입', 4, '1234-1234-1234-1234', 'ukjae@gmail.com'),
	(19, '2015-04-05', '2015-04-02 00:00:00', '금호렌트카', 120000, '워크샵 차량 렌트 비용', 5, '4321-4321-4321-4321', 'ukjae@gmail.com'),
	(20, '2015-04-10', '2015-04-07 00:00:00', 'SK텔레콤 주식회사', 85000, '전달 통신료 사용료 ', 6, '1234-1234-1234-1234', 'ukjae@gmail.com'),
	(21, '2015-04-15', '2015-04-12 00:00:00', '진해장 강남역점', 50000, '분기 회식비용 ', 7, '4321-4321-4321-4321', 'taetae@gmail.com'),
	(22, '2015-04-20', '2015-04-17 00:00:00', '교보문고 강남역점', 24200, '사무용품 구입', 1, '1234-1234-1234-1234', 'taetae@gmail.com'),
	(23, '2015-04-25', '2015-04-22 00:00:00', '금호렌트카', 100000, '워크샵 차량 렌트 비용', 2, '4321-4321-4321-4321', 'taetae@gmail.com'),
	(24, '2015-04-30', '2015-04-27 00:00:00', 'LG텔레콤 주식회사', 75000, '전달 통신료 사용료 ', 3, '1234-1234-1234-1234', 'taetae@gmail.com'),
	(25, '2015-05-05', '2015-05-02 00:00:00', '서래갈매기 강남역점', 48000, '분기 회식비용 ', 4, '4321-4321-4321-4321', 'taetae@gmail.com'),
	(26, '2015-05-10', '2015-05-07 00:00:00', '모닝글로리 서초역점', 17900, '사무용품 구입', 5, '1234-1234-1234-1234', 'taetae@gmail.com'),
	(27, '2015-05-15', '2015-05-12 00:00:00', '금호렌트카', 120000, '워크샵 차량 렌트 비용', 6, '4321-4321-4321-4321', 'taetae@gmail.com'),
	(28, '2015-05-20', '2015-05-17 00:00:00', 'SK텔레콤 주식회사', 85000, '전달 통신료 사용료 ', 7, '1234-1234-1234-1234', 'taetae@gmail.com'),
	(29, '2015-05-25', '2015-05-22 00:00:00', '진해장 강남역점', 250000, '분기 회식비용 ', 1, '4321-4321-4321-4321', 'taetae@gmail.com'),
	(30, '2015-05-30', '2015-05-27 00:00:00', '교보문고 강남역점', 24200, '사무용품 구입', 2, '1234-1234-1234-1234', 'taetae@gmail.com'),
	(31, '2015-06-04', '2015-06-01 00:00:00', '금호렌트카', 100000, '워크샵 차량 렌트 비용', 3, '4321-4321-4321-4321', 'taetae@gmail.com'),
	(32, '2015-06-09', '2015-06-06 00:00:00', 'LG텔레콤 주식회사', 75000, '전달 통신료 사용료 ', 4, '1234-1234-1234-1234', 'taetae@gmail.com'),
	(33, '2015-06-14', '2015-06-11 00:00:00', '서래갈매기 강남역점', 48000, '분기 회식비용 ', 5, '4321-4321-4321-4321', 'taetae@gmail.com'),
	(34, '2015-06-19', '2015-06-16 00:00:00', '모닝글로리 서초역점', 17900, '사무용품 구입', 6, '1234-1234-1234-1234', 'taetae@gmail.com'),
	(35, '2015-06-24', '2015-06-21 00:00:00', '금호렌트카', 120000, '워크샵 차량 렌트 비용', 7, '4321-4321-4321-4321', 'taetae@gmail.com'),
	(36, '2015-06-29', '2015-06-26 00:00:00', 'SK텔레콤 주식회사', 85000, '전달 통신료 사용료 ', 1, '1234-1234-1234-1234', 'taetae@gmail.com'),
	(37, '2015-07-04', '2015-07-01 00:00:00', '진해장 강남역점', 248000, '분기 회식비용 ', 2, '4321-4321-4321-4321', 'devel1@gmail.com'),
	(38, '2015-07-09', '2015-07-06 00:00:00', '교보문고 강남역점', 17900, '사무용품 구입', 3, '1234-1234-1234-1234', 'devel1@gmail.com'),
	(39, '2015-07-14', '2015-07-11 00:00:00', '다이소 서초역점', 111000, '사무용품 구입', 4, '4321-4321-4321-4321', 'devel1@gmail.com'),
	(40, '2015-07-19', '2015-07-16 00:00:00', '경열운송 사당역점', 120000, '워크샵 차량 렌트 비용', 5, '1234-1234-1234-1234', 'devel1@gmail.com'),
	(41, '2015-07-24', '2015-07-21 00:00:00', '스크텔레콤 주식회사', 85000, '전달 통신료 사용료 ', 6, '4321-4321-4321-4321', 'devel1@gmail.com'),
	(42, '2015-07-29', '2015-07-26 00:00:00', '정균불백 강남역점', 75000, '분기 회식비용 ', 7, '1234-1234-1234-1234', 'devel1@gmail.com'),
	(43, '2015-08-03', '2015-07-31 00:00:00', '다이소 서초역점', 111000, '사무용품 구입', 1, '4321-4321-4321-4321', 'devel1@gmail.com'),
	(44, '2015-08-08', '2015-08-05 00:00:00', '경열운송 사당역점', 120000, '워크샵 차량 렌트 비용', 2, '1234-1234-1234-1234', 'devel1@gmail.com'),
	(45, '2015-08-13', '2015-08-10 00:00:00', '스크텔레콤 주식회사', 85000, '전달 통신료 사용료 ', 3, '4321-4321-4321-4321', 'devel1@gmail.com'),
	(46, '2015-08-18', '2015-08-15 00:00:00', '진해장 강남역점', 50000, '분기 회식비용 ', 4, '1234-1234-1234-1234', 'devel1@gmail.com'),
	(47, '2015-08-23', '2015-08-20 00:00:00', '교보문고 강남역점', 24200, '사무용품 구입', 5, '4321-4321-4321-4321', 'ukjae@gmail.com'),
	(48, '2015-08-28', '2015-08-25 00:00:00', '금호렌트카', 100000, '워크샵 차량 렌트 비용', 6, '1234-1234-1234-1234', 'ukjae@gmail.com'),
	(49, '2015-09-02', '2015-08-30 00:00:00', 'LG텔레콤 주식회사', 75000, '전달 통신료 사용료 ', 7, '4321-4321-4321-4321', 'taetae@gmail.com'),
	(50, '2015-09-07', '2015-09-04 00:00:00', '서래갈매기 강남역점', 48000, '분기 회식비용 ', 1, '1234-1234-1234-1234', 'taetae@gmail.com'),
	(51, '2015-09-12', '2015-09-09 00:00:00', '모닝글로리 서초역점', 17900, '사무용품 구입', 2, '4321-4321-4321-4321', 'taetae@gmail.com'),
	(52, '2015-09-17', '2015-09-14 00:00:00', '금호렌트카', 120000, '워크샵 차량 렌트 비용', 3, '1234-1234-1234-1234', 'a157@gmail.com'),
	(53, '2015-09-22', '2015-09-19 00:00:00', 'SK텔레콤 주식회사', 85000, '전달 통신료 사용료 ', 4, '4321-4321-4321-4321', 'a157@gmail.com'),
	(54, '2015-09-27', '2015-09-24 00:00:00', '진해장 강남역점', 50000, '분기 회식비용 ', 5, '1234-1234-1234-1234', 'a157@gmail.com'),
	(55, '2015-10-02', '2015-09-29 00:00:00', '교보문고 강남역점', 24200, '사무용품 구입', 6, '4321-4321-4321-4321', 'a157@gmail.com'),
	(56, '2015-10-07', '2015-10-04 00:00:00', '금호렌트카', 100000, '워크샵 차량 렌트 비용', 7, '1234-1234-1234-1234', 'a157@gmail.com'),
	(57, '2015-10-12', '2015-10-09 00:00:00', 'LG텔레콤 주식회사', 75000, '전달 통신료 사용료 ', 1, '4321-4321-4321-4321', 'a157@gmail.com'),
	(58, '2015-10-17', '2015-10-14 00:00:00', '서래갈매기 강남역점', 48000, '분기 회식비용 ', 2, '1234-1234-1234-1234', 'a157@gmail.com'),
	(59, '2015-10-22', '2015-10-19 00:00:00', '모닝글로리 서초역점', 17900, '사무용품 구입', 3, '4321-4321-4321-4321', 'taetae@gmail.com'),
	(60, '2015-10-27', '2015-10-24 00:00:00', '금호렌트카', 120000, '워크샵 차량 렌트 비용', 4, '1234-1234-1234-1234', 'taetae@gmail.com'),
	(61, '2015-11-01', '2015-10-29 00:00:00', 'SK텔레콤 주식회사', 85000, '전달 통신료 사용료 ', 5, '4321-4321-4321-4321', 'taetae@gmail.com'),
	(62, '2015-11-06', '2015-11-03 00:00:00', '진해장 강남역점', 250000, '분기 회식비용 ', 6, '1234-1234-1234-1234', 'taetae@gmail.com'),
	(63, '2015-11-11', '2015-11-08 00:00:00', '교보문고 강남역점', 24200, '사무용품 구입', 7, '4321-4321-4321-4321', 'taetae@gmail.com'),
	(64, '2015-11-16', '2015-11-13 00:00:00', '금호렌트카', 100000, '워크샵 차량 렌트 비용', 1, '1234-1234-1234-1234', 'taetae@gmail.com'),
	(65, '2015-11-21', '2015-11-18 00:00:00', 'LG텔레콤 주식회사', 75000, '전달 통신료 사용료 ', 2, '4321-4321-4321-4321', 'taetae@gmail.com'),
	(66, '2015-11-26', '2015-11-23 00:00:00', '서래갈매기 강남역점', 48000, '분기 회식비용 ', 3, '1234-1234-1234-1234', 'taetae@gmail.com'),
	(67, '2015-12-01', '2015-11-28 00:00:00', '모닝글로리 서초역점', 17900, '사무용품 구입', 4, '4321-4321-4321-4321', 'a157@gmail.com'),
	(68, '2015-12-06', '2015-12-03 00:00:00', '금호렌트카', 120000, '워크샵 차량 렌트 비용', 5, '1234-1234-1234-1234', 'a157@gmail.com'),
	(69, '2015-12-11', '2015-12-08 00:00:00', 'SK텔레콤 주식회사', 85000, '전달 통신료 사용료 ', 6, '4321-4321-4321-4321', 'a157@gmail.com'),
	(70, '2015-12-16', '2015-12-13 00:00:00', '진해장 강남역점', 248000, '분기 회식비용 ', 7, '1234-1234-1234-1234', 'a157@gmail.com'),
	(71, '2015-12-21', '2015-12-18 00:00:00', '교보문고 강남역점', 17900, '사무용품 구입', 1, '4321-4321-4321-4321', 'a157@gmail.com'),
	(72, '2015-12-26', '2015-12-23 00:00:00', '다이소 서초역점', 111000, '사무용품 구입', 2, '1234-1234-1234-1234', 'a157@gmail.com'),
	(73, '2015-12-31', '2015-12-28 00:00:00', '경열운송 사당역점', 120000, '워크샵 차량 렌트 비용', 3, '4321-4321-4321-4321', 'a157@gmail.com'),
	(74, '2016-01-05', '2016-01-02 00:00:00', '스크텔레콤 주식회사', 85000, '전달 통신료 사용료 ', 4, '1234-1234-1234-1234', 'ukjae@gmail.com'),
	(75, '2016-01-10', '2016-01-07 00:00:00', '정균불백 강남역점', 75000, '분기 회식비용 ', 5, '4321-4321-4321-4321', 'ukjae@gmail.com'),
	(76, '2016-01-15', '2016-01-12 00:00:00', '다이소 서초역점', 111000, '사무용품 구입', 6, '1234-1234-1234-1234', 'ukjae@gmail.com'),
	(77, '2016-01-20', '2016-01-17 00:00:00', '경열운송 사당역점', 120000, '워크샵 차량 렌트 비용', 7, '4321-4321-4321-4321', 'taetae@gmail.com'),
	(78, '2016-01-25', '2016-01-22 00:00:00', '스크텔레콤 주식회사', 85000, '전달 통신료 사용료 ', 1, '1234-1234-1234-1234', 'taetae@gmail.com'),
	(79, '2016-01-30', '2016-01-27 00:00:00', '진해장 강남역점', 50000, '분기 회식비용 ', 2, '4321-4321-4321-4321', 'taetae@gmail.com'),
	(80, '2016-02-04', '2016-02-01 00:00:00', '교보문고 강남역점', 24200, '사무용품 구입', 3, '1234-1234-1234-1234', 'devel1@gmail.com'),
	(81, '2016-02-09', '2016-02-06 00:00:00', '금호렌트카', 100000, '워크샵 차량 렌트 비용', 4, '4321-4321-4321-4321', 'devel1@gmail.com'),
	(82, '2016-02-14', '2016-02-11 00:00:00', 'LG텔레콤 주식회사', 75000, '전달 통신료 사용료 ', 5, '1234-1234-1234-1234', 'devel1@gmail.com'),
	(83, '2016-02-19', '2016-02-16 00:00:00', '서래갈매기 강남역점', 48000, '분기 회식비용 ', 6, '4321-4321-4321-4321', 'devel1@gmail.com'),
	(84, '2016-02-24', '2016-02-21 00:00:00', '모닝글로리 서초역점', 17900, '사무용품 구입', 7, '1234-1234-1234-1234', 'devel1@gmail.com'),
	(85, '2016-02-29', '2016-02-26 00:00:00', '금호렌트카', 120000, '워크샵 차량 렌트 비용', 1, '4321-4321-4321-4321', 'devel1@gmail.com'),
	(86, '2016-03-05', '2016-03-02 00:00:00', 'SK텔레콤 주식회사', 85000, '전달 통신료 사용료 ', 2, '1234-1234-1234-1234', 'devel1@gmail.com'),
	(87, '2016-03-10', '2016-03-07 00:00:00', '진해장 강남역점', 50000, '분기 회식비용 ', 3, '4321-4321-4321-4321', 'devel1@gmail.com'),
	(88, '2016-03-15', '2016-03-12 00:00:00', '교보문고 강남역점', 24200, '사무용품 구입', 4, '1234-1234-1234-1234', 'devel1@gmail.com'),
	(89, '2016-03-20', '2016-03-17 00:00:00', '금호렌트카', 100000, '워크샵 차량 렌트 비용', 5, '4321-4321-4321-4321', 'devel1@gmail.com'),
	(90, '2016-03-25', '2016-03-22 00:00:00', 'LG텔레콤 주식회사', 75000, '전달 통신료 사용료 ', 6, '1234-1234-1234-1234', 'ukjae@gmail.com'),
	(91, '2016-03-30', '2016-03-27 00:00:00', '서래갈매기 강남역점', 48000, '분기 회식비용 ', 7, '4321-4321-4321-4321', 'ukjae@gmail.com'),
	(92, '2016-04-04', '2016-04-01 00:00:00', '모닝글로리 서초역점', 17900, '사무용품 구입', 1, '1234-1234-1234-1234', 'taetae@gmail.com'),
	(93, '2016-04-09', '2016-04-06 00:00:00', '금호렌트카', 120000, '워크샵 차량 렌트 비용', 2, '4321-4321-4321-4321', 'taetae@gmail.com'),
	(94, '2016-04-14', '2016-04-11 00:00:00', 'SK텔레콤 주식회사', 85000, '전달 통신료 사용료 ', 3, '1234-1234-1234-1234', 'taetae@gmail.com'),
	(95, '2016-04-19', '2016-04-16 00:00:00', '진해장 강남역점', 250000, '분기 회식비용 ', 4, '4321-4321-4321-4321', 'taetae@gmail.com'),
	(96, '2016-04-24', '2016-04-21 00:00:00', '교보문고 강남역점', 24200, '사무용품 구입', 5, '1234-1234-1234-1234', 'taetae@gmail.com'),
	(97, '2016-04-29', '2016-04-26 00:00:00', '금호렌트카', 100000, '워크샵 차량 렌트 비용', 6, '4321-4321-4321-4321', 'a157@gmail.com'),
	(98, '2016-05-04', '2016-05-01 00:00:00', 'LG텔레콤 주식회사', 75000, '전달 통신료 사용료 ', 7, '1234-1234-1234-1234', 'a157@gmail.com'),
	(99, '2016-05-09', '2016-05-06 00:00:00', '서래갈매기 강남역점', 48000, '분기 회식비용 ', 1, '4321-4321-4321-4321', 'a157@gmail.com'),
	(100, '2016-05-14', '2016-05-11 00:00:00', '모닝글로리 서초역점', 17900, '사무용품 구입', 2, '1234-1234-1234-1234', 'a157@gmail.com'),
	(101, '2016-05-19', '2016-05-16 00:00:00', '금호렌트카', 120000, '워크샵 차량 렌트 비용', 3, '4321-4321-4321-4321', 'a157@gmail.com'),
	(102, '2016-05-24', '2016-05-21 00:00:00', 'SK텔레콤 주식회사', 85000, '전달 통신료 사용료 ', 4, '1234-1234-1234-1234', 'a157@gmail.com'),
	(103, '2016-05-29', '2016-05-26 00:00:00', '진해장 강남역점', 248000, '분기 회식비용 ', 5, '4321-4321-4321-4321', 'a157@gmail.com'),
	(104, '2016-06-03', '2016-05-31 00:00:00', '교보문고 강남역점', 17900, '사무용품 구입', 6, '1234-1234-1234-1234', 'taetae@gmail.com'),
	(105, '2016-06-08', '2016-06-05 00:00:00', '다이소 서초역점', 111000, '사무용품 구입', 7, '4321-4321-4321-4321', 'ukjae@gmail.com'),
	(106, '2016-06-13', '2016-06-10 00:00:00', '경열운송 사당역점', 120000, '워크샵 차량 렌트 비용', 1, '1234-1234-1234-1234', 'ukjae@gmail.com'),
	(107, '2016-06-18', '2016-06-15 00:00:00', '스크텔레콤 주식회사', 85000, '전달 통신료 사용료 ', 2, '4321-4321-4321-4321', 'ukjae@gmail.com'),
	(108, '2016-06-23', '2016-06-20 00:00:00', '정균불백 강남역점', 75000, '분기 회식비용 ', 3, '1234-1234-1234-1234', 'ukjae@gmail.com'),
	(109, '2016-06-28', '2016-06-25 00:00:00', '다이소 서초역점', 111000, '사무용품 구입', 4, '4321-4321-4321-4321', 'ukjae@gmail.com'),
	(110, '2016-07-03', '2016-06-30 00:00:00', '경열운송 사당역점', 120000, '워크샵 차량 렌트 비용', 5, '1234-1234-1234-1234', 'taetae@gmail.com'),
	(111, '2016-07-08', '2016-07-05 00:00:00', '스크텔레콤 주식회사', 85000, '전달 통신료 사용료 ', 6, '4321-4321-4321-4321', 'taetae@gmail.com'),
	(112, '2016-07-13', '2016-07-10 00:00:00', '진해장 강남역점', 50000, '분기 회식비용 ', 7, '1234-1234-1234-1234', 'a157@gmail.com'),
	(113, '2016-07-18', '2016-07-15 00:00:00', '교보문고 강남역점', 24200, '사무용품 구입', 1, '4321-4321-4321-4321', 'a157@gmail.com'),
	(114, '2016-07-23', '2016-07-20 00:00:00', '금호렌트카', 100000, '워크샵 차량 렌트 비용', 2, '1234-1234-1234-1234', 'a157@gmail.com'),
	(115, '2016-07-28', '2016-07-25 00:00:00', 'LG텔레콤 주식회사', 75000, '전달 통신료 사용료 ', 3, '4321-4321-4321-4321', 'a157@gmail.com'),
	(116, '2016-08-02', '2016-07-30 00:00:00', '서래갈매기 강남역점', 48000, '분기 회식비용 ', 4, '1234-1234-1234-1234', 'a157@gmail.com'),
	(117, '2016-08-07', '2016-08-04 00:00:00', '모닝글로리 서초역점', 17900, '사무용품 구입', 5, '4321-4321-4321-4321', 'a157@gmail.com'),
	(118, '2016-08-12', '2016-08-09 00:00:00', '금호렌트카', 120000, '워크샵 차량 렌트 비용', 6, '1234-1234-1234-1234', 'a157@gmail.com'),
	(119, '2016-08-17', '2016-08-14 00:00:00', 'SK텔레콤 주식회사', 85000, '전달 통신료 사용료 ', 7, '4321-4321-4321-4321', 'taetae@gmail.com'),
	(120, '2016-08-22', '2016-08-19 00:00:00', '진해장 강남역점', 50000, '분기 회식비용 ', 1, '1234-1234-1234-1234', 'taetae@gmail.com'),
	(121, '2016-08-27', '2016-08-24 00:00:00', '교보문고 강남역점', 24200, '사무용품 구입', 2, '4321-4321-4321-4321', 'a157@gmail.com'),
	(122, '2016-09-01', '2016-08-29 00:00:00', '금호렌트카', 100000, '워크샵 차량 렌트 비용', 3, '1234-1234-1234-1234', 'a157@gmail.com'),
	(123, '2016-09-06', '2016-09-03 00:00:00', 'LG텔레콤 주식회사', 75000, '전달 통신료 사용료 ', 4, '4321-4321-4321-4321', 'a157@gmail.com'),
	(124, '2016-09-11', '2016-09-08 00:00:00', '서래갈매기 강남역점', 48000, '분기 회식비용 ', 5, '1234-1234-1234-1234', 'a157@gmail.com'),
	(125, '2016-09-16', '2016-09-13 00:00:00', '모닝글로리 서초역점', 17900, '사무용품 구입', 6, '4321-4321-4321-4321', 'a157@gmail.com'),
	(126, '2016-09-21', '2016-09-18 00:00:00', '금호렌트카', 120000, '워크샵 차량 렌트 비용', 7, '1234-1234-1234-1234', 'a157@gmail.com'),
	(127, '2016-09-26', '2016-09-23 00:00:00', 'SK텔레콤 주식회사', 85000, '전달 통신료 사용료 ', 1, '4321-4321-4321-4321', 'a157@gmail.com'),
	(128, '2016-10-01', '2016-09-28 00:00:00', '진해장 강남역점', 250000, '분기 회식비용 ', 2, '1234-1234-1234-1234', 'ukjae@gmail.com'),
	(129, '2016-10-06', '2016-10-03 00:00:00', '교보문고 강남역점', 24200, '사무용품 구입', 3, '4321-4321-4321-4321', 'ukjae@gmail.com'),
	(130, '2016-10-11', '2016-10-08 00:00:00', '금호렌트카', 100000, '워크샵 차량 렌트 비용', 4, '1234-1234-1234-1234', 'taetae@gmail.com'),
	(131, '2016-10-16', '2016-10-13 00:00:00', 'LG텔레콤 주식회사', 75000, '전달 통신료 사용료 ', 5, '4321-4321-4321-4321', 'taetae@gmail.com'),
	(132, '2016-10-21', '2016-10-18 00:00:00', '서래갈매기 강남역점', 48000, '분기 회식비용 ', 6, '1234-1234-1234-1234', 'taetae@gmail.com'),
	(133, '2016-10-26', '2016-10-23 00:00:00', '모닝글로리 서초역점', 17900, '사무용품 구입', 7, '4321-4321-4321-4321', 'taetae@gmail.com'),
	(134, '2016-10-31', '2016-10-28 00:00:00', '금호렌트카', 120000, '워크샵 차량 렌트 비용', 1, '1234-1234-1234-1234', 'taetae@gmail.com'),
	(135, '2016-11-05', '2016-11-02 00:00:00', 'SK텔레콤 주식회사', 85000, '전달 통신료 사용료 ', 2, '4321-4321-4321-4321', 'taetae@gmail.com'),
	(136, '2016-11-10', '2016-11-07 00:00:00', '진해장 강남역점', 248000, '분기 회식비용 ', 3, '1234-1234-1234-1234', 'a157@gmail.com'),
	(137, '2016-11-15', '2016-11-12 00:00:00', '교보문고 강남역점', 17900, '사무용품 구입', 4, '4321-4321-4321-4321', 'a157@gmail.com'),
	(138, '2016-11-20', '2016-11-17 00:00:00', '다이소 서초역점', 111000, '사무용품 구입', 5, '1234-1234-1234-1234', 'a157@gmail.com'),
	(139, '2016-11-25', '2016-11-22 00:00:00', '경열운송 사당역점', 120000, '워크샵 차량 렌트 비용', 6, '4321-4321-4321-4321', 'a157@gmail.com'),
	(140, '2016-11-30', '2016-11-27 00:00:00', '스크텔레콤 주식회사', 85000, '전달 통신료 사용료 ', 7, '1234-1234-1234-1234', 'a157@gmail.com'),
	(141, '2016-12-05', '2016-12-02 00:00:00', '정균불백 강남역점', 75000, '분기 회식비용 ', 1, '4321-4321-4321-4321', 'a157@gmail.com'),
	(142, '2016-12-10', '2016-12-07 00:00:00', '다이소 서초역점', 111000, '사무용품 구입', 2, '1234-1234-1234-1234', 'a157@gmail.com'),
	(143, '2016-12-15', '2016-12-12 00:00:00', '경열운송 사당역점', 120000, '워크샵 차량 렌트 비용', 3, '4321-4321-4321-4321', 'taetae@gmail.com'),
	(144, '2016-12-20', '2016-12-17 00:00:00', '스크텔레콤 주식회사', 85000, '전달 통신료 사용료 ', 4, '1234-1234-1234-1234', 'taetae@gmail.com'),
	(145, '2016-12-25', '2016-12-22 00:00:00', 'LG텔레콤 주식회사', 75000, '전달 통신료 사용료 ', 5, '4321-4321-4321-4321', 'ukjae@gmail.com'),
	(146, '2016-12-30', '2016-12-27 00:00:00', '서래갈매기 강남역점', 48000, '분기 회식비용 ', 6, '1234-1234-1234-1234', 'ukjae@gmail.com'),
	(147, '2017-01-04', '2017-01-01 00:00:00', '모닝글로리 서초역점', 17900, '사무용품 구입', 7, '4321-4321-4321-4321', 'taetae@gmail.com'),
	(148, '2017-01-09', '2017-01-06 00:00:00', '금호렌트카', 120000, '워크샵 차량 렌트 비용', 1, '1234-1234-1234-1234', 'taetae@gmail.com'),
	(149, '2017-01-14', '2017-01-11 00:00:00', 'SK텔레콤 주식회사', 85000, '전달 통신료 사용료 ', 2, '4321-4321-4321-4321', 'taetae@gmail.com'),
	(150, '2017-01-19', '2017-01-16 00:00:00', '진해장 강남역점', 250000, '분기 회식비용 ', 3, '1234-1234-1234-1234', 'taetae@gmail.com'),
	(151, '2017-01-24', '2017-01-21 00:00:00', '교보문고 강남역점', 24200, '사무용품 구입', 4, '4321-4321-4321-4321', 'a157@gmail.com'),
	(152, '2017-01-29', '2017-01-26 00:00:00', '금호렌트카', 100000, '워크샵 차량 렌트 비용', 5, '1234-1234-1234-1234', 'a157@gmail.com'),
	(153, '2017-02-03', '2017-01-31 00:00:00', 'LG텔레콤 주식회사', 75000, '전달 통신료 사용료 ', 6, '4321-4321-4321-4321', 'a157@gmail.com'),
	(154, '2017-02-08', '2017-02-05 00:00:00', '서래갈매기 강남역점', 48000, '분기 회식비용 ', 7, '1234-1234-1234-1234', 'a157@gmail.com'),
	(155, '2017-02-13', '2017-02-10 00:00:00', '모닝글로리 서초역점', 17900, '사무용품 구입', 1, '4321-4321-4321-4321', 'a157@gmail.com'),
	(156, '2017-02-18', '2017-02-15 00:00:00', '금호렌트카', 120000, '워크샵 차량 렌트 비용', 2, '1234-1234-1234-1234', 'a157@gmail.com'),
	(157, '2017-02-23', '2017-02-20 00:00:00', 'SK텔레콤 주식회사', 85000, '전달 통신료 사용료 ', 3, '4321-4321-4321-4321', 'a157@gmail.com'),
	(158, '2017-02-28', '2017-02-25 00:00:00', '진해장 강남역점', 248000, '분기 회식비용 ', 4, '1234-1234-1234-1234', 'taetae@gmail.com'),
	(159, '2017-03-05', '2017-03-02 00:00:00', '교보문고 강남역점', 17900, '사무용품 구입', 5, '4321-4321-4321-4321', 'taetae@gmail.com'),
	(160, '2017-03-10', '2017-03-07 00:00:00', '다이소 서초역점', 111000, '사무용품 구입', 6, '1234-1234-1234-1234', 'ukjae@gmail.com'),
	(161, '2017-03-15', '2017-03-12 00:00:00', '경열운송 사당역점', 120000, '워크샵 차량 렌트 비용', 7, '4321-4321-4321-4321', 'ukjae@gmail.com'),
	(162, '2017-03-20', '2017-03-17 00:00:00', '스크텔레콤 주식회사', 85000, '전달 통신료 사용료 ', 1, '1234-1234-1234-1234', 'ukjae@gmail.com'),
	(163, '2017-03-25', '2017-03-22 00:00:00', '정균불백 강남역점', 75000, '분기 회식비용 ', 2, '4321-4321-4321-4321', 'ukjae@gmail.com'),
	(164, '2017-03-30', '2017-03-27 00:00:00', '다이소 서초역점', 111000, '사무용품 구입', 3, '1234-1234-1234-1234', 'a157@gmail.com'),
	(165, '2017-04-04', '2017-04-01 00:00:00', '경열운송 사당역점', 120000, '워크샵 차량 렌트 비용', 4, '4321-4321-4321-4321', 'a157@gmail.com'),
	(166, '2017-04-09', '2017-04-06 00:00:00', '스크텔레콤 주식회사', 85000, '전달 통신료 사용료 ', 5, '1234-1234-1234-1234', 'a157@gmail.com'),
	(167, '2017-04-14', '2017-04-11 00:00:00', '진해장 강남역점', 50000, '분기 회식비용 ', 6, '4321-4321-4321-4321', 'a157@gmail.com'),
	(168, '2017-04-19', '2017-04-16 00:00:00', '교보문고 강남역점', 24200, '사무용품 구입', 7, '1234-1234-1234-1234', 'a157@gmail.com'),
	(169, '2017-04-24', '2017-04-21 00:00:00', '금호렌트카', 100000, '워크샵 차량 렌트 비용', 1, '4321-4321-4321-4321', 'a157@gmail.com'),
	(170, '2017-04-29', '2017-04-26 00:00:00', 'LG텔레콤 주식회사', 75000, '전달 통신료 사용료 ', 2, '1234-1234-1234-1234', 'a157@gmail.com'),
	(171, '2017-05-04', '2017-05-01 00:00:00', '서래갈매기 강남역점', 48000, '분기 회식비용 ', 3, '4321-4321-4321-4321', 'taetae@gmail.com'),
	(172, '2017-05-09', '2017-05-06 00:00:00', '모닝글로리 서초역점', 17900, '사무용품 구입', 4, '1234-1234-1234-1234', 'taetae@gmail.com'),
	(173, '2017-05-14', '2017-05-11 00:00:00', '금호렌트카', 120000, '워크샵 차량 렌트 비용', 5, '4321-4321-4321-4321', 'taetae@gmail.com'),
	(174, '2017-05-19', '2017-05-16 00:00:00', 'SK텔레콤 주식회사', 85000, '전달 통신료 사용료 ', 6, '1234-1234-1234-1234', 'taetae@gmail.com'),
	(175, '2017-05-24', '2017-05-21 00:00:00', '진해장 강남역점', 50000, '분기 회식비용 ', 7, '4321-4321-4321-4321', 'taetae@gmail.com'),
	(176, '2017-05-29', '2017-05-26 00:00:00', '교보문고 강남역점', 24200, '사무용품 구입', 1, '1234-1234-1234-1234', 'taetae@gmail.com'),
	(177, '2017-06-03', '2017-05-31 00:00:00', '금호렌트카', 100000, '워크샵 차량 렌트 비용', 2, '4321-4321-4321-4321', 'taetae@gmail.com'),
	(178, '2017-06-08', '2017-06-05 00:00:00', 'LG텔레콤 주식회사', 75000, '전달 통신료 사용료 ', 3, '1234-1234-1234-1234', 'taetae@gmail.com'),
	(179, '2017-06-13', '2017-06-10 00:00:00', '서래갈매기 강남역점', 48000, '분기 회식비용 ', 4, '4321-4321-4321-4321', 'a157@gmail.com'),
	(180, '2017-06-18', '2017-06-15 00:00:00', '모닝글로리 서초역점', 17900, '사무용품 구입', 5, '1234-1234-1234-1234', 'a157@gmail.com'),
	(181, '2017-06-23', '2017-06-20 00:00:00', '금호렌트카', 120000, '워크샵 차량 렌트 비용', 6, '4321-4321-4321-4321', 'a157@gmail.com'),
	(182, '2017-06-28', '2017-06-25 00:00:00', 'SK텔레콤 주식회사', 85000, '전달 통신료 사용료 ', 7, '1234-1234-1234-1234', 'a157@gmail.com'),
	(183, '2017-07-03', '2017-06-30 00:00:00', '진해장 강남역점', 250000, '분기 회식비용 ', 1, '4321-4321-4321-4321', 'a157@gmail.com'),
	(184, '2017-07-08', '2017-07-05 00:00:00', '교보문고 강남역점', 24200, '사무용품 구입', 2, '1234-1234-1234-1234', 'a157@gmail.com'),
	(185, '2017-07-13', '2017-07-10 00:00:00', '금호렌트카', 100000, '워크샵 차량 렌트 비용', 3, '4321-4321-4321-4321', 'a157@gmail.com'),
	(186, '2017-07-18', '2017-07-15 00:00:00', 'LG텔레콤 주식회사', 75000, '전달 통신료 사용료 ', 4, '1234-1234-1234-1234', 'taetae@gmail.com'),
	(187, '2017-07-23', '2017-07-20 00:00:00', '서래갈매기 강남역점', 48000, '분기 회식비용 ', 5, '4321-4321-4321-4321', 'taetae@gmail.com'),
	(188, '2017-07-28', '2017-07-25 00:00:00', '모닝글로리 서초역점', 17900, '사무용품 구입', 6, '1234-1234-1234-1234', 'taetae@gmail.com'),
	(189, '2017-08-02', '2017-07-30 00:00:00', '금호렌트카', 120000, '워크샵 차량 렌트 비용', 7, '4321-4321-4321-4321', 'taetae@gmail.com'),
	(190, '2017-08-07', '2017-08-04 00:00:00', 'SK텔레콤 주식회사', 85000, '전달 통신료 사용료 ', 1, '1234-1234-1234-1234', 'taetae@gmail.com'),
	(191, '2017-08-12', '2017-08-09 00:00:00', '진해장 강남역점', 248000, '분기 회식비용 ', 2, '4321-4321-4321-4321', 'taetae@gmail.com'),
	(192, '2017-08-17', '2017-08-14 00:00:00', '교보문고 강남역점', 17900, '사무용품 구입', 3, '1234-1234-1234-1234', 'taetae@gmail.com'),
	(193, '2017-08-22', '2017-08-19 00:00:00', '다이소 서초역점', 111000, '사무용품 구입', 4, '4321-4321-4321-4321', 'ukjae@gmail.com'),
	(194, '2017-08-27', '2017-08-24 00:00:00', '경열운송 사당역점', 120000, '워크샵 차량 렌트 비용', 5, '1234-1234-1234-1234', 'a157@gmail.com'),
	(195, '2017-09-01', '2017-08-29 00:00:00', '스크텔레콤 주식회사', 85000, '전달 통신료 사용료 ', 6, '4321-4321-4321-4321', 'a157@gmail.com'),
	(196, '2017-09-06', '2017-09-03 00:00:00', '정균불백 강남역점', 75000, '분기 회식비용 ', 7, '1234-1234-1234-1234', 'a157@gmail.com'),
	(197, '2017-09-11', '2017-09-08 00:00:00', '다이소 서초역점', 111000, '사무용품 구입', 1, '4321-4321-4321-4321', 'a157@gmail.com'),
	(198, '2017-09-16', '2017-09-13 00:00:00', '경열운송 사당역점', 120000, '워크샵 차량 렌트 비용', 2, '1234-1234-1234-1234', 'a157@gmail.com'),
	(199, '2017-09-21', '2017-09-18 00:00:00', '스크텔레콤 주식회사', 85000, '전달 통신료 사용료 ', 3, '4321-4321-4321-4321', 'a157@gmail.com'),
	(200, '2017-09-26', '2017-09-23 00:00:00', 'LG텔레콤 주식회사', 75000, '전달 통신료 사용료 ', 4, '1234-1234-1234-1234', 'a157@gmail.com'),
	(201, '2017-10-01', '2017-09-28 00:00:00', '서래갈매기 강남역점', 48000, '분기 회식비용 ', 5, '4321-4321-4321-4321', 'ukjae@gmail.com'),
	(202, '2017-10-06', '2017-10-03 00:00:00', '모닝글로리 서초역점', 17900, '사무용품 구입', 6, '1234-1234-1234-1234', 'taetae@gmail.com'),
	(203, '2017-10-11', '2017-10-08 00:00:00', '금호렌트카', 120000, '워크샵 차량 렌트 비용', 7, '4321-4321-4321-4321', 'taetae@gmail.com'),
	(204, '2017-10-16', '2017-10-13 00:00:00', 'SK텔레콤 주식회사', 85000, '전달 통신료 사용료 ', 1, '1234-1234-1234-1234', 'taetae@gmail.com'),
	(205, '2017-10-21', '2017-10-18 00:00:00', '진해장 강남역점', 250000, '분기 회식비용 ', 2, '4321-4321-4321-4321', 'taetae@gmail.com'),
	(206, '2017-10-26', '2017-10-23 00:00:00', '교보문고 강남역점', 24200, '사무용품 구입', 3, '1234-1234-1234-1234', 'taetae@gmail.com'),
	(207, '2017-10-31', '2017-10-28 00:00:00', '금호렌트카', 100000, '워크샵 차량 렌트 비용', 4, '4321-4321-4321-4321', 'taetae@gmail.com'),
	(208, '2017-11-05', '2017-11-02 00:00:00', 'LG텔레콤 주식회사', 75000, '전달 통신료 사용료 ', 5, '1234-1234-1234-1234', 'taetae@gmail.com'),
	(209, '2017-11-10', '2017-11-07 00:00:00', '서래갈매기 강남역점', 48000, '분기 회식비용 ', 6, '4321-4321-4321-4321', 'a157@gmail.com'),
	(210, '2017-11-15', '2017-11-12 00:00:00', '모닝글로리 서초역점', 17900, '사무용품 구입', 7, '1234-1234-1234-1234', 'a157@gmail.com'),
	(211, '2017-11-20', '2017-11-17 00:00:00', '금호렌트카', 120000, '워크샵 차량 렌트 비용', 1, '4321-4321-4321-4321', 'a157@gmail.com'),
	(212, '2017-11-25', '2017-11-22 00:00:00', 'SK텔레콤 주식회사', 85000, '전달 통신료 사용료 ', 2, '1234-1234-1234-1234', 'a157@gmail.com'),
	(213, '2017-11-30', '2017-11-27 00:00:00', '진해장 강남역점', 248000, '분기 회식비용 ', 3, '4321-4321-4321-4321', 'a157@gmail.com'),
	(214, '2017-12-05', '2017-12-02 00:00:00', '교보문고 강남역점', 17900, '사무용품 구입', 4, '1234-1234-1234-1234', 'a157@gmail.com'),
	(215, '2017-12-10', '2017-12-07 00:00:00', '다이소 서초역점', 111000, '사무용품 구입', 5, '4321-4321-4321-4321', 'a157@gmail.com'),
	(216, '2017-12-15', '2017-12-12 00:00:00', '경열운송 사당역점', 120000, '워크샵 차량 렌트 비용', 6, '1234-1234-1234-1234', 'ukjae@gmail.com'),
	(217, '2017-12-20', '2017-12-17 00:00:00', '스크텔레콤 주식회사', 85000, '전달 통신료 사용료 ', 7, '4321-4321-4321-4321', 'ukjae@gmail.com'),
	(218, '2017-12-25', '2017-12-22 00:00:00', '정균불백 강남역점', 75000, '분기 회식비용 ', 1, '1234-1234-1234-1234', 'ukjae@gmail.com'),
	(219, '2017-12-30', '2017-12-27 00:00:00', '다이소 서초역점', 111000, '사무용품 구입', 2, '4321-4321-4321-4321', 'ukjae@gmail.com'),
	(220, '2018-01-04', '2018-01-01 00:00:00', '경열운송 사당역점', 120000, '워크샵 차량 렌트 비용', 3, '1234-1234-1234-1234', 'taetae@gmail.com'),
	(221, '2018-01-09', '2018-01-06 00:00:00', '스크텔레콤 주식회사', 85000, '전달 통신료 사용료 ', 4, '4321-4321-4321-4321', 'taetae@gmail.com'),
	(222, '2018-01-14', '2018-01-11 00:00:00', '진해장 강남역점', 50000, '분기 회식비용 ', 5, '1234-1234-1234-1234', 'taetae@gmail.com'),
	(223, '2018-01-19', '2018-01-16 00:00:00', '교보문고 강남역점', 24200, '사무용품 구입', 6, '4321-4321-4321-4321', 'taetae@gmail.com'),
	(224, '2018-01-24', '2018-01-21 00:00:00', '금호렌트카', 100000, '워크샵 차량 렌트 비용', 7, '1234-1234-1234-1234', 'a157@gmail.com'),
	(225, '2018-01-29', '2018-01-26 00:00:00', 'LG텔레콤 주식회사', 75000, '전달 통신료 사용료 ', 1, '4321-4321-4321-4321', 'a157@gmail.com'),
	(226, '2018-02-03', '2018-01-31 00:00:00', '서래갈매기 강남역점', 48000, '분기 회식비용 ', 2, '1234-1234-1234-1234', 'a157@gmail.com'),
	(227, '2018-02-08', '2018-02-05 00:00:00', '모닝글로리 서초역점', 17900, '사무용품 구입', 3, '4321-4321-4321-4321', 'a157@gmail.com'),
	(228, '2018-02-13', '2018-02-10 00:00:00', '금호렌트카', 120000, '워크샵 차량 렌트 비용', 4, '1234-1234-1234-1234', 'a157@gmail.com'),
	(229, '2018-02-18', '2018-02-15 00:00:00', 'SK텔레콤 주식회사', 85000, '전달 통신료 사용료 ', 5, '4321-4321-4321-4321', 'a157@gmail.com'),
	(230, '2018-02-23', '2018-02-20 00:00:00', '진해장 강남역점', 50000, '분기 회식비용 ', 6, '1234-1234-1234-1234', 'a157@gmail.com'),
	(231, '2018-02-28', '2018-02-25 00:00:00', '교보문고 강남역점', 24200, '사무용품 구입', 7, '4321-4321-4321-4321', 'taetae@gmail.com'),
	(232, '2018-03-05', '2018-03-02 00:00:00', '금호렌트카', 100000, '워크샵 차량 렌트 비용', 1, '1234-1234-1234-1234', 'taetae@gmail.com'),
	(233, '2018-03-10', '2018-03-07 00:00:00', 'LG텔레콤 주식회사', 75000, '전달 통신료 사용료 ', 2, '4321-4321-4321-4321', 'taetae@gmail.com'),
	(234, '2018-03-15', '2018-03-12 00:00:00', '서래갈매기 강남역점', 48000, '분기 회식비용 ', 3, '1234-1234-1234-1234', 'taetae@gmail.com'),
	(235, '2018-03-20', '2018-03-17 00:00:00', '모닝글로리 서초역점', 17900, '사무용품 구입', 4, '4321-4321-4321-4321', 'ukjae@gmail.com'),
	(236, '2018-03-25', '2018-03-22 00:00:00', '금호렌트카', 120000, '워크샵 차량 렌트 비용', 5, '1234-1234-1234-1234', 'ukjae@gmail.com'),
	(237, '2018-03-30', '2018-03-27 00:00:00', 'SK텔레콤 주식회사', 85000, '전달 통신료 사용료 ', 6, '4321-4321-4321-4321', 'ukjae@gmail.com'),
	(238, '2018-04-04', '2018-04-01 00:00:00', '진해장 강남역점', 250000, '분기 회식비용 ', 7, '1234-1234-1234-1234', 'ukjae@gmail.com'),
	(239, '2018-04-09', '2018-04-06 00:00:00', '교보문고 강남역점', 24200, '사무용품 구입', 1, '4321-4321-4321-4321', 'a157@gmail.com'),
	(240, '2018-04-14', '2018-04-11 00:00:00', '금호렌트카', 100000, '워크샵 차량 렌트 비용', 2, '1234-1234-1234-1234', 'a157@gmail.com'),
	(241, '2018-04-19', '2018-04-16 00:00:00', 'LG텔레콤 주식회사', 75000, '전달 통신료 사용료 ', 3, '4321-4321-4321-4321', 'a157@gmail.com'),
	(242, '2018-04-24', '2018-04-21 00:00:00', '서래갈매기 강남역점', 48000, '분기 회식비용 ', 4, '1234-1234-1234-1234', 'a157@gmail.com'),
	(243, '2018-04-29', '2018-04-26 00:00:00', '모닝글로리 서초역점', 17900, '사무용품 구입', 5, '4321-4321-4321-4321', 'a157@gmail.com'),
	(244, '2018-05-04', '2018-05-01 00:00:00', '금호렌트카', 120000, '워크샵 차량 렌트 비용', 6, '1234-1234-1234-1234', 'a157@gmail.com'),
	(245, '2018-05-09', '2018-05-06 00:00:00', 'SK텔레콤 주식회사', 85000, '전달 통신료 사용료 ', 7, '4321-4321-4321-4321', 'a157@gmail.com'),
	(246, '2018-05-14', '2018-05-11 00:00:00', '진해장 강남역점', 248000, '분기 회식비용 ', 1, '1234-1234-1234-1234', 'taetae@gmail.com'),
	(247, '2018-05-19', '2018-05-16 00:00:00', '교보문고 강남역점', 17900, '사무용품 구입', 2, '4321-4321-4321-4321', 'taetae@gmail.com'),
	(248, '2018-05-24', '2018-05-21 00:00:00', '다이소 서초역점', 111000, '사무용품 구입', 3, '1234-1234-1234-1234', 'ukjae@gmail.com'),
	(249, '2018-05-29', '2018-05-26 00:00:00', '경열운송 사당역점', 120000, '워크샵 차량 렌트 비용', 4, '4321-4321-4321-4321', 'ukjae@gmail.com'),
	(250, '2018-06-03', '2018-05-31 00:00:00', '스크텔레콤 주식회사', 85000, '전달 통신료 사용료 ', 5, '1234-1234-1234-1234', 'ukjae@gmail.com'),
	(251, '2018-06-08', '2018-06-05 00:00:00', '정균불백 강남역점', 75000, '분기 회식비용 ', 6, '4321-4321-4321-4321', 'ukjae@gmail.com'),
	(252, '2018-06-13', '2018-06-10 00:00:00', '다이소 서초역점', 111000, '사무용품 구입', 7, '1234-1234-1234-1234', 'ukjae@gmail.com'),
	(253, '2018-06-18', '2018-06-15 00:00:00', '경열운송 사당역점', 120000, '워크샵 차량 렌트 비용', 1, '4321-4321-4321-4321', 'taetae@gmail.com'),
	(254, '2018-06-23', '2018-06-20 00:00:00', '스크텔레콤 주식회사', 85000, '전달 통신료 사용료 ', 2, '1234-1234-1234-1234', 'taetae@gmail.com'),
	(255, '2018-06-28', '2018-06-25 00:00:00', 'LG텔레콤 주식회사', 75000, '전달 통신료 사용료 ', 3, '4321-4321-4321-4321', 'ukjae@gmail.com'),
	(256, '2018-07-03', '2018-06-30 00:00:00', '서래갈매기 강남역점', 48000, '분기 회식비용 ', 4, '1234-1234-1234-1234', 'ukjae@gmail.com'),
	(257, '2018-07-08', '2018-07-05 00:00:00', '모닝글로리 서초역점', 17900, '사무용품 구입', 5, '4321-4321-4321-4321', 'taetae@gmail.com'),
	(258, '2018-07-13', '2018-07-10 00:00:00', '금호렌트카', 120000, '워크샵 차량 렌트 비용', 6, '1234-1234-1234-1234', 'taetae@gmail.com'),
	(259, '2018-07-18', '2018-07-15 00:00:00', 'SK텔레콤 주식회사', 85000, '전달 통신료 사용료 ', 7, '4321-4321-4321-4321', 'taetae@gmail.com'),
	(260, '2018-07-23', '2018-07-20 00:00:00', '진해장 강남역점', 250000, '분기 회식비용 ', 1, '1234-1234-1234-1234', 'a157@gmail.com'),
	(261, '2018-07-28', '2018-07-25 00:00:00', '교보문고 강남역점', 24200, '사무용품 구입', 2, '4321-4321-4321-4321', 'a157@gmail.com'),
	(262, '2018-08-02', '2018-07-30 00:00:00', '금호렌트카', 100000, '워크샵 차량 렌트 비용', 3, '1234-1234-1234-1234', 'a157@gmail.com'),
	(263, '2018-08-07', '2018-08-04 00:00:00', 'LG텔레콤 주식회사', 75000, '전달 통신료 사용료 ', 4, '4321-4321-4321-4321', 'a157@gmail.com'),
	(264, '2018-08-12', '2018-08-09 00:00:00', '서래갈매기 강남역점', 48000, '분기 회식비용 ', 5, '1234-1234-1234-1234', 'a157@gmail.com'),
	(265, '2018-08-17', '2018-08-14 00:00:00', '모닝글로리 서초역점', 17900, '사무용품 구입', 6, '4321-4321-4321-4321', 'a157@gmail.com'),
	(266, '2018-08-22', '2018-08-19 00:00:00', '금호렌트카', 120000, '워크샵 차량 렌트 비용', 7, '1234-1234-1234-1234', 'a157@gmail.com'),
	(267, '2018-08-27', '2018-08-24 00:00:00', 'SK텔레콤 주식회사', 85000, '전달 통신료 사용료 ', 1, '4321-4321-4321-4321', 'taetae@gmail.com'),
	(268, '2018-09-01', '2018-08-29 00:00:00', '진해장 강남역점', 248000, '분기 회식비용 ', 2, '1234-1234-1234-1234', 'taetae@gmail.com'),
	(269, '2018-09-06', '2018-09-03 00:00:00', '교보문고 강남역점', 17900, '사무용품 구입', 3, '4321-4321-4321-4321', 'taetae@gmail.com'),
	(270, '2018-09-11', '2018-09-08 00:00:00', '다이소 서초역점', 111000, '사무용품 구입', 4, '1234-1234-1234-1234', 'ukjae@gmail.com'),
	(271, '2018-09-16', '2018-09-13 00:00:00', '경열운송 사당역점', 120000, '워크샵 차량 렌트 비용', 5, '4321-4321-4321-4321', 'ukjae@gmail.com'),
	(272, '2018-09-21', '2018-09-18 00:00:00', '스크텔레콤 주식회사', 85000, '전달 통신료 사용료 ', 6, '1234-1234-1234-1234', 'ukjae@gmail.com'),
	(273, '2018-09-26', '2018-09-23 00:00:00', '정균불백 강남역점', 75000, '분기 회식비용 ', 7, '4321-4321-4321-4321', 'ukjae@gmail.com'),
	(274, '2018-10-01', '2018-09-28 00:00:00', '다이소 서초역점', 111000, '사무용품 구입', 1, '1234-1234-1234-1234', 'ukjae@gmail.com'),
	(275, '2018-10-06', '2018-10-03 00:00:00', '경열운송 사당역점', 120000, '워크샵 차량 렌트 비용', 2, '4321-4321-4321-4321', 'taetae@gmail.com'),
	(276, '2018-10-11', '2018-10-08 00:00:00', '스크텔레콤 주식회사', 85000, '전달 통신료 사용료 ', 3, '1234-1234-1234-1234', 'taetae@gmail.com'),
	(277, '2018-10-16', '2018-10-13 00:00:00', '진해장 강남역점', 50000, '분기 회식비용 ', 4, '4321-4321-4321-4321', 'taetae@gmail.com'),
	(278, '2018-10-21', '2018-10-18 00:00:00', '교보문고 강남역점', 24200, '사무용품 구입', 5, '1234-1234-1234-1234', 'taetae@gmail.com'),
	(279, '2018-10-26', '2018-10-23 00:00:00', '금호렌트카', 100000, '워크샵 차량 렌트 비용', 6, '4321-4321-4321-4321', 'taetae@gmail.com'),
	(280, '2018-10-31', '2018-10-28 00:00:00', 'LG텔레콤 주식회사', 75000, '전달 통신료 사용료 ', 7, '1234-1234-1234-1234', 'taetae@gmail.com'),
	(281, '2018-11-05', '2018-11-02 00:00:00', '서래갈매기 강남역점', 48000, '분기 회식비용 ', 1, '4321-4321-4321-4321', 'taetae@gmail.com'),
	(282, '2018-11-10', '2018-11-07 00:00:00', '모닝글로리 서초역점', 17900, '사무용품 구입', 2, '1234-1234-1234-1234', 'taetae@gmail.com'),
	(283, '2018-11-15', '2018-11-12 00:00:00', '금호렌트카', 120000, '워크샵 차량 렌트 비용', 3, '4321-4321-4321-4321', 'taetae@gmail.com'),
	(284, '2018-11-20', '2018-11-17 00:00:00', 'SK텔레콤 주식회사', 85000, '전달 통신료 사용료 ', 4, '1234-1234-1234-1234', 'taetae@gmail.com'),
	(285, '2018-11-25', '2018-11-22 00:00:00', '진해장 강남역점', 50000, '분기 회식비용 ', 5, '4321-4321-4321-4321', 'a157@gmail.com'),
	(286, '2018-11-30', '2018-11-27 00:00:00', '교보문고 강남역점', 24200, '사무용품 구입', 6, '1234-1234-1234-1234', 'a157@gmail.com'),
	(287, '2018-12-05', '2018-12-02 00:00:00', '금호렌트카', 100000, '워크샵 차량 렌트 비용', 7, '4321-4321-4321-4321', 'a157@gmail.com'),
	(288, '2018-12-10', '2018-12-07 00:00:00', 'LG텔레콤 주식회사', 75000, '전달 통신료 사용료 ', 1, '1234-1234-1234-1234', 'a157@gmail.com'),
	(289, '2018-12-15', '2018-12-12 00:00:00', '서래갈매기 강남역점', 48000, '분기 회식비용 ', 2, '4321-4321-4321-4321', 'a157@gmail.com'),
	(290, '2018-12-20', '2018-12-17 00:00:00', '모닝글로리 서초역점', 17900, '사무용품 구입', 3, '1234-1234-1234-1234', 'a157@gmail.com'),
	(291, '2018-12-25', '2018-12-22 00:00:00', '금호렌트카', 120000, '워크샵 차량 렌트 비용', 4, '4321-4321-4321-4321', 'a157@gmail.com'),
	(292, '2018-12-30', '2018-12-27 00:00:00', 'SK텔레콤 주식회사', 85000, '전달 통신료 사용료 ', 5, '1234-1234-1234-1234', 'ukjae@gmail.com'),
	(293, '2019-01-04', '2019-01-01 00:00:00', '진해장 강남역점', 250000, '분기 회식비용 ', 6, '4321-4321-4321-4321', 'ukjae@gmail.com'),
	(294, '2019-01-09', '2019-01-06 00:00:00', '교보문고 강남역점', 24200, '사무용품 구입', 7, '1234-1234-1234-1234', 'ukjae@gmail.com'),
	(295, '2019-01-14', '2019-01-11 00:00:00', '금호렌트카', 100000, '워크샵 차량 렌트 비용', 1, '4321-4321-4321-4321', 'taetae@gmail.com'),
	(296, '2019-01-19', '2019-01-16 00:00:00', 'LG텔레콤 주식회사', 75000, '전달 통신료 사용료 ', 2, '1234-1234-1234-1234', 'taetae@gmail.com'),
	(297, '2019-01-24', '2019-01-21 00:00:00', '서래갈매기 강남역점', 48000, '분기 회식비용 ', 3, '4321-4321-4321-4321', 'taetae@gmail.com'),
	(298, '2019-01-29', '2019-01-26 00:00:00', '모닝글로리 서초역점', 17900, '사무용품 구입', 4, '1234-1234-1234-1234', 'taetae@gmail.com'),
	(299, '2019-02-03', '2019-01-31 00:00:00', '금호렌트카', 120000, '워크샵 차량 렌트 비용', 5, '4321-4321-4321-4321', 'taetae@gmail.com'),
	(300, '2019-02-08', '2019-02-05 00:00:00', 'SK텔레콤 주식회사', 85000, '전달 통신료 사용료 ', 6, '1234-1234-1234-1234', 'taetae@gmail.com'),
	(301, '2019-02-13', '2019-02-10 00:00:00', '진해장 강남역점', 248000, '분기 회식비용 ', 7, '4321-4321-4321-4321', 'taetae@gmail.com'),
	(302, '2019-02-18', '2019-02-15 00:00:00', '교보문고 강남역점', 17900, '사무용품 구입', 1, '1234-1234-1234-1234', 'taetae@gmail.com'),
	(303, '2019-02-23', '2019-02-20 00:00:00', '다이소 서초역점', 111000, '사무용품 구입', 2, '4321-4321-4321-4321', 'ukjae@gmail.com'),
	(304, '2019-02-28', '2019-02-25 00:00:00', '경열운송 사당역점', 120000, '워크샵 차량 렌트 비용', 3, '1234-1234-1234-1234', 'ukjae@gmail.com'),
	(305, '2019-03-05', '2019-03-02 00:00:00', '스크텔레콤 주식회사', 85000, '전달 통신료 사용료 ', 4, '4321-4321-4321-4321', 'ukjae@gmail.com'),
	(306, '2019-03-10', '2019-03-07 00:00:00', '정균불백 강남역점', 75000, '분기 회식비용 ', 5, '1234-1234-1234-1234', 'ukjae@gmail.com'),
	(307, '2019-03-15', '2019-03-12 00:00:00', '다이소 서초역점', 111000, '사무용품 구입', 6, '4321-4321-4321-4321', 'ukjae@gmail.com'),
	(308, '2019-03-20', '2019-03-17 00:00:00', '경열운송 사당역점', 120000, '워크샵 차량 렌트 비용', 7, '1234-1234-1234-1234', 'taetae@gmail.com'),
	(309, '2019-03-25', '2019-03-22 00:00:00', '스크텔레콤 주식회사', 85000, '전달 통신료 사용료 ', 1, '4321-4321-4321-4321', 'taetae@gmail.com'),
	(310, '2019-03-30', '2019-03-27 00:00:00', 'LG텔레콤 주식회사', 75000, '전달 통신료 사용료 ', 2, '1234-1234-1234-1234', 'ukjae@gmail.com'),
	(311, '2019-04-04', '2019-04-01 00:00:00', '서래갈매기 강남역점', 48000, '분기 회식비용 ', 3, '4321-4321-4321-4321', 'ukjae@gmail.com'),
	(312, '2019-04-09', '2019-04-06 00:00:00', '모닝글로리 서초역점', 17900, '사무용품 구입', 4, '1234-1234-1234-1234', 'devel1@gmail.com'),
	(313, '2019-04-14', '2019-04-11 00:00:00', '금호렌트카', 120000, '워크샵 차량 렌트 비용', 5, '4321-4321-4321-4321', 'devel1@gmail.com'),
	(314, '2019-04-19', '2019-04-16 00:00:00', 'SK텔레콤 주식회사', 85000, '전달 통신료 사용료 ', 6, '1234-1234-1234-1234', 'devel1@gmail.com'),
	(315, '2019-04-24', '2019-04-21 00:00:00', '진해장 강남역점', 250000, '분기 회식비용 ', 7, '4321-4321-4321-4321', 'devel1@gmail.com'),
	(316, '2019-04-29', '2019-04-26 00:00:00', '교보문고 강남역점', 24200, '사무용품 구입', 1, '1234-1234-1234-1234', 'devel1@gmail.com'),
	(317, '2019-05-04', '2019-05-01 00:00:00', '금호렌트카', 100000, '워크샵 차량 렌트 비용', 2, '4321-4321-4321-4321', 'devel1@gmail.com'),
	(318, '2019-05-09', '2019-05-06 00:00:00', 'LG텔레콤 주식회사', 75000, '전달 통신료 사용료 ', 3, '1234-1234-1234-1234', 'devel1@gmail.com'),
	(319, '2019-05-14', '2019-05-11 00:00:00', '서래갈매기 강남역점', 48000, '분기 회식비용 ', 4, '4321-4321-4321-4321', 'devel1@gmail.com'),
	(320, '2019-05-19', '2019-05-16 00:00:00', '모닝글로리 서초역점', 17900, '사무용품 구입', 5, '1234-1234-1234-1234', 'devel1@gmail.com'),
	(321, '2019-05-24', '2019-05-21 00:00:00', '금호렌트카', 120000, '워크샵 차량 렌트 비용', 6, '4321-4321-4321-4321', 'devel1@gmail.com'),
	(322, '2019-05-29', '2019-05-26 00:00:00', 'SK텔레콤 주식회사', 85000, '전달 통신료 사용료 ', 7, '1234-1234-1234-1234', 'taetae@gmail.com'),
	(323, '2019-06-03', '2019-05-31 00:00:00', '진해장 강남역점', 248000, '분기 회식비용 ', 1, '4321-4321-4321-4321', 'taetae@gmail.com'),
	(324, '2019-06-08', '2019-06-05 00:00:00', '교보문고 강남역점', 17900, '사무용품 구입', 2, '1234-1234-1234-1234', 'taetae@gmail.com'),
	(325, '2019-06-13', '2019-06-10 00:00:00', '다이소 서초역점', 111000, '사무용품 구입', 3, '4321-4321-4321-4321', 'ukjae@gmail.com'),
	(326, '2019-06-18', '2019-06-15 00:00:00', '경열운송 사당역점', 120000, '워크샵 차량 렌트 비용', 4, '1234-1234-1234-1234', 'ukjae@gmail.com'),
	(327, '2019-06-23', '2019-06-20 00:00:00', '스크텔레콤 주식회사', 85000, '전달 통신료 사용료 ', 5, '4321-4321-4321-4321', 'ukjae@gmail.com'),
	(328, '2019-06-28', '2019-06-25 00:00:00', 'LG텔레콤 주식회사', 75000, '전달 통신료 사용료 ', 6, '1234-1234-1234-1234', 'ukjae@gmail.com'),
	(329, '2019-07-03', '2019-06-30 00:00:00', '서래갈매기 강남역점', 48000, '분기 회식비용 ', 7, '4321-4321-4321-4321', 'ukjae@gmail.com'),
	(330, '2019-07-08', '2019-07-05 00:00:00', '모닝글로리 서초역점', 17900, '사무용품 구입', 1, '1234-1234-1234-1234', 'taetae@gmail.com'),
	(331, '2019-07-13', '2019-07-10 00:00:00', '금호렌트카', 120000, '워크샵 차량 렌트 비용', 2, '4321-4321-4321-4321', 'taetae@gmail.com'),
	(332, '2019-07-18', '2019-07-15 00:00:00', 'SK텔레콤 주식회사', 85000, '전달 통신료 사용료 ', 3, '1234-1234-1234-1234', 'taetae@gmail.com'),
	(333, '2019-07-23', '2019-07-20 00:00:00', '진해장 강남역점', 250000, '분기 회식비용 ', 4, '1234-1234-1234-1234', 'devel1@gmail.com'),
	(334, '2019-07-28', '2019-07-25 00:00:00', '교보문고 강남역점', 24200, '사무용품 구입', 5, '1234-1234-1234-1234', 'devel1@gmail.com'),
	(335, '2019-08-02', '2019-07-30 00:00:00', '금호렌트카', 100000, '워크샵 차량 렌트 비용', 6, '1234-1234-1234-1234', 'devel1@gmail.com'),
	(336, '2019-08-07', '2019-08-04 00:00:00', 'LG텔레콤 주식회사', 75000, '전달 통신료 사용료 ', 7, '1234-1234-1234-1234', 'devel1@gmail.com'),
	(337, '2019-08-12', '2019-08-09 00:00:00', '서래갈매기 강남역점', 48000, '분기 회식비용 ', 1, '1234-1234-1234-1234', 'devel1@gmail.com'),
	(338, '2019-08-17', '2019-08-14 00:00:00', '모닝글로리 서초역점', 17900, '사무용품 구입', 2, '1234-1234-1234-1234', 'devel1@gmail.com'),
	(339, '2019-08-22', '2019-08-19 00:00:00', '금호렌트카', 120000, '워크샵 차량 렌트 비용', 3, '1234-1234-1234-1234', 'devel1@gmail.com'),
	(340, '2019-08-27', '2019-08-24 00:00:00', 'SK텔레콤 주식회사', 85000, '전달 통신료 사용료 ', 4, '4321-4321-4321-4321', 'devel1@gmail.com'),
	(341, '2019-09-01', '2019-08-29 00:00:00', '진해장 강남역점', 248000, '분기 회식비용 ', 5, '1234-1234-1234-1234', 'devel1@gmail.com'),
	(342, '2019-09-06', '2019-09-03 00:00:00', '교보문고 강남역점', 17900, '사무용품 구입', 6, '4321-4321-4321-4321', 'devel1@gmail.com'),
	(343, '2019-09-11', '2019-09-08 00:00:00', '다이소 서초역점', 111000, '사무용품 구입', 7, '1234-1234-1234-1234', 'a157@gmail.com'),
	(344, '2019-09-16', '2019-09-13 00:00:00', '경열운송 사당역점', 120000, '워크샵 차량 렌트 비용', 1, '4321-4321-4321-4321', 'a157@gmail.com'),
	(345, '2019-09-21', '2019-09-18 00:00:00', '스크텔레콤 주식회사', 85000, '전달 통신료 사용료 ', 2, '1234-1234-1234-1234', 'a157@gmail.com'),
	(346, '2019-09-26', '2019-09-23 00:00:00', '정균불백 강남역점', 75000, '분기 회식비용 ', 3, '4321-4321-4321-4321', 'a157@gmail.com'),
	(347, '2019-10-01', '2019-09-28 00:00:00', '다이소 서초역점', 111000, '사무용품 구입', 4, '1234-1234-1234-1234', 'a157@gmail.com'),
	(348, '2019-10-06', '2019-10-03 00:00:00', '경열운송 사당역점', 120000, '워크샵 차량 렌트 비용', 5, '4321-4321-4321-4321', 'a157@gmail.com'),
	(349, '2019-10-11', '2019-10-08 00:00:00', '스크텔레콤 주식회사', 85000, '전달 통신료 사용료 ', 6, '1234-1234-1234-1234', 'a157@gmail.com'),
	(350, '2019-10-16', '2019-10-13 00:00:00', '진해장 강남역점', 50000, '분기 회식비용 ', 7, '4321-4321-4321-4321', 'devel1@gmail.com'),
	(351, '2019-10-21', '2019-10-18 00:00:00', '교보문고 강남역점', 24200, '사무용품 구입', 1, '1234-1234-1234-1234', 'devel1@gmail.com'),
	(352, '2019-10-26', '2019-10-23 00:00:00', '금호렌트카', 100000, '워크샵 차량 렌트 비용', 2, '4321-4321-4321-4321', 'devel1@gmail.com'),
	(353, '2019-10-31', '2019-10-28 00:00:00', 'LG텔레콤 주식회사', 75000, '전달 통신료 사용료 ', 3, '1234-1234-1234-1234', 'devel1@gmail.com'),
	(354, '2019-11-05', '2019-11-02 00:00:00', '서래갈매기 강남역점', 48000, '분기 회식비용 ', 4, '4321-4321-4321-4321', 'devel1@gmail.com'),
	(355, '2019-11-10', '2019-11-07 00:00:00', '모닝글로리 서초역점', 17900, '사무용품 구입', 5, '1234-1234-1234-1234', 'devel1@gmail.com'),
	(356, '2019-11-15', '2019-11-12 00:00:00', '금호렌트카', 120000, '워크샵 차량 렌트 비용', 6, '4321-4321-4321-4321', 'devel1@gmail.com'),
	(357, '2019-11-20', '2019-11-17 00:00:00', 'SK텔레콤 주식회사', 85000, '전달 통신료 사용료 ', 7, '1234-1234-1234-1234', 'devel1@gmail.com'),
	(358, '2019-11-25', '2019-11-22 00:00:00', '진해장 강남역점', 50000, '분기 회식비용 ', 1, '4321-4321-4321-4321', 'devel1@gmail.com'),
	(359, '2019-11-30', '2019-11-27 00:00:00', '교보문고 강남역점', 24200, '사무용품 구입', 2, '1234-1234-1234-1234', 'devel1@gmail.com'),
	(360, '2019-12-05', '2019-12-02 00:00:00', '금호렌트카', 100000, '워크샵 차량 렌트 비용', 3, '4321-4321-4321-4321', 'taetae@gmail.com'),
	(361, '2019-12-06', '2019-12-03 00:00:00', 'LG텔레콤 주식회사', 75000, '전달 통신료 사용료 ', 4, '1234-1234-1234-1234', 'taetae@gmail.com'),
	(362, '2019-12-07', '2019-12-04 00:00:00', '서래갈매기 강남역점', 48000, '분기 회식비용 ', 5, '1234-1234-1234-1234', 'taetae@gmail.com'),
	(363, '2019-12-08', '2019-12-05 00:00:00', '모닝글로리 서초역점', 17900, '사무용품 구입', 6, '1234-1234-1234-1234', 'ukjae@gmail.com'),
	(364, '2019-12-09', '2019-12-06 00:00:00', '금호렌트카', 120000, '워크샵 차량 렌트 비용', 7, '4321-4321-4321-4321', 'ukjae@gmail.com'),
	(365, '2019-12-10', '2019-12-07 00:00:00', 'SK텔레콤 주식회사', 85000, '전달 통신료 사용료 ', 1, '1234-1234-1234-1234', 'ukjae@gmail.com'),
	(366, '2019-12-11', '2019-12-08 00:00:00', '진해장 강남역점', 250000, '분기 회식비용 ', 2, '4321-4321-4321-4321', 'ukjae@gmail.com'),
	(367, '2019-12-12', '2019-12-09 00:00:00', '교보문고 강남역점', 24200, '사무용품 구입', 3, '1234-1234-1234-1234', 'ukjae@gmail.com'),
	(368, '2019-12-13', '2019-12-10 00:00:00', '금호렌트카', 100000, '워크샵 차량 렌트 비용', 4, '4321-4321-4321-4321', 'taetae@gmail.com'),
	(369, '2019-12-14', '2019-12-11 00:00:00', 'LG텔레콤 주식회사', 75000, '전달 통신료 사용료 ', 5, '1234-1234-1234-1234', 'a157@gmail.com'),
	(370, '2019-12-15', '2019-12-12 00:00:00', '서래갈매기 강남역점', 48000, '분기 회식비용 ', 6, '4321-4321-4321-4321', 'a157@gmail.com'),
	(371, '2019-12-16', '2019-12-13 00:00:00', '모닝글로리 서초역점', 17900, '사무용품 구입', 7, '1234-1234-1234-1234', 'a157@gmail.com'),
	(372, '2019-12-17', '2019-12-14 00:00:00', '금호렌트카', 120000, '워크샵 차량 렌트 비용', 1, '4321-4321-4321-4321', 'a157@gmail.com'),
	(373, '2019-12-18', '2019-12-15 00:00:00', 'SK텔레콤 주식회사', 85000, '전달 통신료 사용료 ', 2, '1234-1234-1234-1234', 'a157@gmail.com'),
	(374, '2019-12-19', '2019-12-16 00:00:00', '진해장 강남역점', 248000, '분기 회식비용 ', 3, '4321-4321-4321-4321', 'a157@gmail.com'),
	(375, '2019-12-20', '2019-12-17 00:00:00', '교보문고 강남역점', 17900, '사무용품 구입', 4, '1234-1234-1234-1234', 'a157@gmail.com'),
	(376, '2019-12-21', '2019-12-18 00:00:00', '다이소 서초역점', 111000, '사무용품 구입', 5, '4321-4321-4321-4321', 'a157@gmail.com'),
	(377, '2019-12-22', '2019-12-19 00:00:00', '진해장 강남역점', 248000, '분기 회식비용 ', 6, '1234-1234-1234-1234', 'taetae@gmail.com'),
	(378, '2019-12-23', '2019-12-20 00:00:00', '교보문고 강남역점', 17900, '사무용품 구입', 7, '4321-4321-4321-4321', 'taetae@gmail.com'),
	(379, '2019-12-24', '2019-12-21 00:00:00', '다이소 서초역점', 111000, '사무용품 구입', 1, '1234-1234-1234-1234', 'taetae@gmail.com'),
	(380, '2019-12-25', '2019-12-22 00:00:00', '경열운송 사당역점', 120000, '워크샵 차량 렌트 비용', 2, '4321-4321-4321-4321', 'taetae@gmail.com'),
	(381, '2019-12-26', '2019-12-23 00:00:00', '스크텔레콤 주식회사', 85000, '전달 통신료 사용료 ', 3, '1234-1234-1234-1234', 'taetae@gmail.com'),
	(382, '2019-12-27', '2019-12-24 00:00:00', '정균불백 강남역점', 75000, '분기 회식비용 ', 4, '4321-4321-4321-4321', 'ukjae@gmail.com'),
	(383, '2019-12-28', '2019-12-25 00:00:00', '다이소 서초역점', 111000, '사무용품 구입', 5, '1234-1234-1234-1234', 'devel1@gmail.com'),
	(384, '2019-12-29', '2019-12-26 00:00:00', '경열운송 사당역점', 120000, '워크샵 차량 렌트 비용', 6, '4321-4321-4321-4321', 'devel1@gmail.com'),
	(385, '2019-12-30', '2019-12-27 00:00:00', '스크텔레콤 주식회사', 85000, '전달 통신료 사용료 ', 7, '1234-1234-1234-1234', 'devel1@gmail.com'),
	(386, '2019-12-31', '2019-12-28 00:00:00', '진해장 강남역점', 50000, '분기 회식비용 ', 1, '1234-1234-1234-1234', 'devel1@gmail.com'),
	(387, '2020-01-01', '2019-12-29 00:00:00', '교보문고 강남역점', 24200, '사무용품 구입', 2, '4321-4321-4321-4321', 'devel1@gmail.com'),
	(388, '2020-01-02', '2019-12-30 00:00:00', '금호렌트카', 100000, '워크샵 차량 렌트 비용', 3, '1234-1234-1234-1234', 'devel1@gmail.com'),
	(389, '2020-01-03', '2019-12-31 00:00:00', 'LG텔레콤 주식회사', 75000, '전달 통신료 사용료 ', 4, '4321-4321-4321-4321', 'devel1@gmail.com'),
	(390, '2020-01-04', '2020-01-01 00:00:00', '서래갈매기 강남역점', 48000, '분기 회식비용 ', 5, '1234-1234-1234-1234', 'devel1@gmail.com'),
	(391, '2020-01-05', '2020-01-02 00:00:00', '모닝글로리 서초역점', 17900, '사무용품 구입', 6, '1234-1234-1234-1234', 'devel1@gmail.com'),
	(392, '2020-01-06', '2020-01-03 00:00:00', '금호렌트카', 120000, '워크샵 차량 렌트 비용', 7, '1234-1234-1234-1234', 'devel1@gmail.com'),
	(393, '2020-01-07', '2020-01-04 00:00:00', 'SK텔레콤 주식회사', 85000, '전달 통신료 사용료 ', 1, '1234-1234-1234-1234', 'taetae@gmail.com'),
	(394, '2020-01-08', '2020-01-05 00:00:00', '진해장 강남역점', 50000, '분기 회식비용 ', 2, '1234-1234-1234-1234', 'taetae@gmail.com'),
	(395, '2020-01-09', '2020-01-06 00:00:00', '교보문고 강남역점', 24200, '사무용품 구입', 3, '1234-1234-1234-1234', 'ukjae@gmail.com'),
	(396, '2020-01-10', '2020-01-07 00:00:00', '금호렌트카', 100000, '워크샵 차량 렌트 비용', 4, '1234-1234-1234-1234', 'a157@gmail.com'),
	(397, '2020-01-11', '2020-01-08 00:00:00', 'LG텔레콤 주식회사', 75000, '전달 통신료 사용료 ', 5, '1234-1234-1234-1234', 'a157@gmail.com'),
	(398, '2020-01-12', '2020-01-09 00:00:00', '서래갈매기 강남역점', 48000, '분기 회식비용 ', 6, '4321-4321-4321-4321', 'a157@gmail.com'),
	(399, '2020-01-13', '2020-01-10 00:00:00', '모닝글로리 서초역점', 17900, '사무용품 구입', 7, '1234-1234-1234-1234', 'a157@gmail.com'),
	(400, '2020-01-14', '2020-01-11 00:00:00', '금호렌트카', 120000, '워크샵 차량 렌트 비용', 1, '4321-4321-4321-4321', 'a157@gmail.com'),
	(401, '2020-01-15', '2020-01-12 00:00:00', 'SK텔레콤 주식회사', 85000, '전달 통신료 사용료 ', 2, '1234-1234-1234-1234', 'devel1@gmail.com'),
	(402, '2020-01-16', '2020-01-13 00:00:00', '진해장 강남역점', 250000, '분기 회식비용 ', 3, '4321-4321-4321-4321', 'devel1@gmail.com'),
	(403, '2020-01-17', '2020-01-14 00:00:00', '교보문고 강남역점', 24200, '사무용품 구입', 4, '1234-1234-1234-1234', 'devel1@gmail.com'),
	(404, '2020-01-18', '2020-01-15 00:00:00', '금호렌트카', 100000, '워크샵 차량 렌트 비용', 5, '4321-4321-4321-4321', 'devel1@gmail.com'),
	(405, '2020-01-19', '2020-01-16 00:00:00', 'LG텔레콤 주식회사', 75000, '전달 통신료 사용료 ', 6, '1234-1234-1234-1234', 'devel1@gmail.com'),
	(406, '2020-01-20', '2020-01-17 00:00:00', '서래갈매기 강남역점', 48000, '분기 회식비용 ', 7, '4321-4321-4321-4321', 'devel1@gmail.com'),
	(407, '2020-01-21', '2020-01-18 00:00:00', '모닝글로리 서초역점', 17900, '사무용품 구입', 1, '1234-1234-1234-1234', 'devel1@gmail.com'),
	(408, '2020-01-22', '2020-01-19 00:00:00', '금호렌트카', 120000, '워크샵 차량 렌트 비용', 2, '4321-4321-4321-4321', 'devel1@gmail.com'),
	(409, '2020-01-23', '2020-01-20 00:00:00', 'SK텔레콤 주식회사', 85000, '전달 통신료 사용료 ', 3, '1234-1234-1234-1234', 'devel1@gmail.com'),
	(410, '2020-01-24', '2020-01-21 00:00:00', '진해장 강남역점', 248000, '분기 회식비용 ', 4, '4321-4321-4321-4321', 'devel1@gmail.com'),
	(411, '2020-01-25', '2020-01-22 00:00:00', '교보문고 강남역점', 17900, '사무용품 구입', 5, '1234-1234-1234-1234', 'taetae@gmail.com'),
	(412, '2020-01-26', '2020-01-23 00:00:00', '다이소 서초역점', 111000, '사무용품 구입', 6, '4321-4321-4321-4321', 'a157@gmail.com'),
	(413, '2020-01-27', '2020-01-24 00:00:00', '경열운송 사당역점', 120000, '워크샵 차량 렌트 비용', 7, '1234-1234-1234-1234', 'a157@gmail.com'),
	(414, '2020-01-28', '2020-01-25 00:00:00', '스크텔레콤 주식회사', 85000, '전달 통신료 사용료 ', 1, '4321-4321-4321-4321', 'a157@gmail.com'),
	(415, '2020-01-29', '2020-01-26 00:00:00', '정균불백 강남역점', 75000, '분기 회식비용 ', 2, '1234-1234-1234-1234', 'a157@gmail.com'),
	(416, '2020-01-30', '2020-01-27 00:00:00', '다이소 서초역점', 111000, '사무용품 구입', 3, '4321-4321-4321-4321', 'a157@gmail.com'),
	(417, '2020-01-31', '2020-01-28 00:00:00', '경열운송 사당역점', 120000, '워크샵 차량 렌트 비용', 4, '1234-1234-1234-1234', 'ukjae@gmail.com'),
	(418, '2020-02-01', '2020-01-29 00:00:00', '스크텔레콤 주식회사', 85000, '전달 통신료 사용료 ', 5, '4321-4321-4321-4321', 'ukjae@gmail.com'),
	(419, '2020-02-02', '2020-01-30 00:00:00', '진해장 강남역점', 50000, '분기 회식비용 ', 6, '1234-1234-1234-1234', 'devel1@gmail.com'),
	(420, '2020-02-03', '2020-01-31 00:00:00', '교보문고 강남역점', 24200, '사무용품 구입', 7, '1234-1234-1234-1234', 'devel1@gmail.com'),
	(421, '2020-02-04', '2020-02-01 00:00:00', '금호렌트카', 100000, '워크샵 차량 렌트 비용', 1, '1234-1234-1234-1234', 'devel1@gmail.com'),
	(422, '2020-02-05', '2020-02-02 00:00:00', 'LG텔레콤 주식회사', 75000, '전달 통신료 사용료 ', 2, '4321-4321-4321-4321', 'devel1@gmail.com'),
	(423, '2020-02-06', '2020-02-03 00:00:00', '서래갈매기 강남역점', 48000, '분기 회식비용 ', 3, '1234-1234-1234-1234', 'devel1@gmail.com'),
	(424, '2020-02-07', '2020-02-04 00:00:00', '모닝글로리 서초역점', 17900, '사무용품 구입', 4, '4321-4321-4321-4321', 'devel1@gmail.com'),
	(425, '2020-02-08', '2020-02-05 00:00:00', '금호렌트카', 120000, '워크샵 차량 렌트 비용', 5, '1234-1234-1234-1234', 'devel1@gmail.com'),
	(426, '2020-02-09', '2020-02-06 00:00:00', 'SK텔레콤 주식회사', 85000, '전달 통신료 사용료 ', 6, '4321-4321-4321-4321', 'devel1@gmail.com'),
	(427, '2020-02-10', '2020-02-07 00:00:00', '진해장 강남역점', 50000, '분기 회식비용 ', 7, '1234-1234-1234-1234', 'devel1@gmail.com'),
	(428, '2020-02-11', '2020-02-08 00:00:00', '교보문고 강남역점', 24200, '사무용품 구입', 1, '4321-4321-4321-4321', 'devel1@gmail.com'),
	(429, '2020-02-12', '2020-02-09 00:00:00', '금호렌트카', 100000, '워크샵 차량 렌트 비용', 2, '1234-1234-1234-1234', 'a157@gmail.com'),
	(430, '2020-02-13', '2020-02-10 00:00:00', 'LG텔레콤 주식회사', 75000, '전달 통신료 사용료 ', 3, '4321-4321-4321-4321', 'a157@gmail.com'),
	(431, '2020-02-14', '2020-02-11 00:00:00', '서래갈매기 강남역점', 48000, '분기 회식비용 ', 4, '1234-1234-1234-1234', 'a157@gmail.com'),
	(432, '2020-02-15', '2020-02-12 00:00:00', '모닝글로리 서초역점', 17900, '사무용품 구입', 5, '4321-4321-4321-4321', 'ukjae@gmail.com'),
	(433, '2020-02-16', '2020-02-13 00:00:00', '금호렌트카', 120000, '워크샵 차량 렌트 비용', 6, '1234-1234-1234-1234', 'ukjae@gmail.com'),
	(434, '2020-02-17', '2020-02-14 00:00:00', 'SK텔레콤 주식회사', 85000, '전달 통신료 사용료 ', 7, '4321-4321-4321-4321', 'taetae@gmail.com'),
	(435, '2020-02-18', '2020-02-15 00:00:00', '진해장 강남역점', 250000, '분기 회식비용 ', 1, '1234-1234-1234-1234', 'taetae@gmail.com'),
	(436, '2020-02-19', '2020-02-16 00:00:00', '교보문고 강남역점', 24200, '사무용품 구입', 2, '4321-4321-4321-4321', 'taetae@gmail.com'),
	(437, '2020-02-20', '2020-02-17 00:00:00', '금호렌트카', 100000, '워크샵 차량 렌트 비용', 3, '1234-1234-1234-1234', 'taetae@gmail.com'),
	(438, '2020-02-21', '2020-02-18 00:00:00', 'LG텔레콤 주식회사', 75000, '전달 통신료 사용료 ', 4, '4321-4321-4321-4321', 'taetae@gmail.com'),
	(439, '2020-02-22', '2020-02-19 00:00:00', '서래갈매기 강남역점', 48000, '분기 회식비용 ', 5, '1234-1234-1234-1234', 'ukjae@gmail.com'),
	(440, '2020-02-23', '2020-02-20 00:00:00', '모닝글로리 서초역점', 17900, '사무용품 구입', 6, '4321-4321-4321-4321', 'ukjae@gmail.com'),
	(441, '2020-02-24', '2020-02-21 00:00:00', '금호렌트카', 120000, '워크샵 차량 렌트 비용', 7, '1234-1234-1234-1234', 'taetae@gmail.com'),
	(442, '2020-02-25', '2020-02-22 00:00:00', 'SK텔레콤 주식회사', 85000, '전달 통신료 사용료 ', 1, '4321-4321-4321-4321', 'taetae@gmail.com'),
	(443, '2020-02-26', '2020-02-23 00:00:00', '진해장 강남역점', 248000, '분기 회식비용 ', 2, '1234-1234-1234-1234', 'taetae@gmail.com'),
	(444, '2020-02-27', '2020-02-24 00:00:00', '교보문고 강남역점', 17900, '사무용품 구입', 3, '1234-1234-1234-1234', 'taetae@gmail.com'),
	(445, '2020-02-28', '2020-02-25 00:00:00', '다이소 서초역점', 111000, '사무용품 구입', 4, '1234-1234-1234-1234', 'taetae@gmail.com'),
	(446, '2020-02-29', '2020-02-26 00:00:00', '진해장 강남역점', 248000, '분기 회식비용 ', 5, '1234-1234-1234-1234', 'taetae@gmail.com'),
	(447, '2020-02-06', '2020-01-28 00:00:00', 'emart', 2000, '', 1, '1234-1234-1234-1234', 'a157@gmail.com');
/*!40000 ALTER TABLE `costlist` ENABLE KEYS */;

-- 테이블 데이터 dobee_new.debit:~6 rows (대략적) 내보내기
/*!40000 ALTER TABLE `debit` DISABLE KEYS */;
INSERT INTO `debit` (`CARDNUM`, `CORP`, `NAME`, `NICKNAME`, `ENTRY`, `VALDATE`) VALUES
	('1111-1111-1111-1111', '국민은행', '박성호', '비빅3', '법인(체크)', '12/44'),
	('1234-1234-1234-1234', '농협', '이혜리', '회식용', '법인(공용)', '12/23'),
	('1234-1234-1234-4321', '농협', '비빅2', '비빅2', '법인(개인)', '12/33'),
	('1234-1234-4321-4321', '농협', '비빅2', '비빅2', '법인(개인)', '12/33'),
	('2222-2222-2222-2222', '국민은행', '박성호', '비빅3', '법인(체크)', '12/44'),
	('4321-4321-4321-4321', '국민은행', '이욱재', '식비용', '법인(체크)', '12/22');
/*!40000 ALTER TABLE `debit` ENABLE KEYS */;

-- 테이블 데이터 dobee_new.googledrive:~6 rows (대략적) 내보내기
/*!40000 ALTER TABLE `googledrive` DISABLE KEYS */;
INSERT INTO `googledrive` (`GDSEQ`, `GDDATE`, `FILENAME`, `GDURL`, `MAIL`, `PJTSEQ`) VALUES
	(1, '2020-02-05', '버그 리포트', 'https://drive.google.com/open?id=1W9_7cCGLm9ukobOEHb6zWyeNFfyVbV_vVjTm7JJn9fw', 'a157@gmail.com', 2),
	(2, '2020-02-05', '요구사항 명세서 _ 취합', 'https://drive.google.com/open?id=18YBhEtw8d40i_NWKhIN278y4qA6dcrnyv-CAslwmJoU', 'a157@gmail.com', 2),
	(3, '2020-02-05', '트러블 슈팅', 'https://drive.google.com/open?id=1QljQckD_B0i-Dp8AWwNT9i7OMGKo6MFzSPT7cYOzvvs', 'a157@gmail.com', 2),
	(4, '2020-02-05', 'Team_Zzoni_Momory.zip', 'https://drive.google.com/open?id=1bKF1-K3zOMQbsoLsnaV8iyFKVNFqlnZD', 'a157@gmail.com', 2),
	(5, '2020-02-05', '일정관리.xlsx', 'https://drive.google.com/open?id=16mlzTuglfw16Xei5ywugWnaiVron7o0h', 'a157@gmail.com', 2),
	(6, '2020-02-07', 'test_6.jpeg', 'https://drive.google.com/open?id=1JKRornF_Q8jCho94aYyBZlUYSm5SVEqv', 'a157@gmail.com', 2);
/*!40000 ALTER TABLE `googledrive` ENABLE KEYS */;

-- 테이블 데이터 dobee_new.notice:~19 rows (대략적) 내보내기
/*!40000 ALTER TABLE `notice` DISABLE KEYS */;
INSERT INTO `notice` (`NOTSEQ`, `TITLE`, `CONTENT`, `REGDATE`, `COUNT`) VALUES
	(1, '회사 제주도 워크숍', '올해는 창립을 기념하여 회사에서 제주도로 워크숍을 가게되었습니다 회사원들 필참하세요', '2019-10-25 14:00:00', 2),
	(2, '네이버에서 IT특강 진행', '네이버에서 진행하는 교육일정을 전달해 드립니다 관심 있으신 분들은 각 팀장한테 연락부탁 드립니다', '2019-11-01 13:00:00', 2),
	(3, '업무시간 및 복지관련', '우리 회사는 법정업무시간을 준수 합니다 복지또한 4대보험 경조사비 자녀대학교 등록금 지원 성과에 따른 인센티브 등을 지원합니다', '2019-11-05 14:00:00', 3),
	(4, '카이스트 대학 AI  무료특강 진행', '카이스트 대학교에서 사원분들의 역량향상을 위해 무료로 AI특강을 진행을 진행합니다', '2019-11-10 13:00:00', 4),
	(5, '단합대회 진행합니다', '업무능률 상승을 위해 직장내 단합 체육대회를 진행합니다 평일(금)에 따로 시간을 내어 만든 행사 인 만큼 사원분들의 적극적인 참여부탁드립니다', '2019-11-15 14:00:00', 5),
	(6, '직장내 따돌림 왕따언어폭력 등 자료', '도비 사원분들 첨부파일을 꼭 참조 하시여 직장 내 따돌림 왕따 언어폭력 등 대해 인지하여 주시길 바랍니다', '2019-11-20 13:00:00', 6),
	(7, 'IT 컨버런스 공지', '관심있으신분들은 각 팀장들에게 연락바랍니다', '2019-11-25 14:00:00', 7),
	(8, '연말 계획일정 전달합니다', '연말에는 고객들에게 서비스 시연이 있을예정입니다 각 팀원들은 성실히 임해서 좋은 평가 받길 기원합니다', '2019-12-01 13:00:00', 8),
	(9, '카카오에서 IT특강 진행', '카카오에서 진행하는 교육일정을 전달해 드립니다 관심있으신분들은 각 팀장들에서 연락바랍니다', '2019-12-05 14:00:00', 9),
	(10, '연차 공지', '연차 계획 하고 있으신분들은 각 팀장들에게 사전에 연락바랍니다', '2019-12-10 13:00:00', 10),
	(11, '2019년도 최우수 프로젝트 선정 관련', '최우수 프로젝트에 선정된 각 팀원 및 팀장은 회사내규에 따른 혜택(인센티브 및 휴가)이 있을예정입니다  감사합니다', '2019-12-15 14:00:00', 11),
	(12, '2019년도 강남구 IT기업 협회 프로젝트 수주', '2019년 강남구 복지센터에서 IT기업 협회 프로젝트 수주 설명회가 있을 예정입니다', '2019-12-20 13:00:00', 14),
	(13, '2019년도 전체 직원 건강검진 안내', ' 2019년도 서울아산병원에서 실시하는 건강검진을 지원을 받기 위해서는 반드시 신청기간 내 신청을 하셔야 합니다', '2019-12-25 14:00:00', 14),
	(14, '(주)넥슨특강 공지합니다', '모바일 및 온라인 게임 개발관련하여 기술적인 특강 진행합니다 첨부파일 참고바랍니다', '2020-01-01 13:00:00', 15),
	(15, '임직원 자녀 신학기 장학금 지급 신청 안내', '도비에 재직중인 초중고 자녀 가정에 대하여 공지드립니다', '2020-01-05 14:00:00', 15),
	(16, '연말 정산 관해 공지 드립니다', '사원분들은 첨부파일을 참고하시여 업무에 지장업도록 바립니다', '2020-01-10 13:00:00', 16),
	(17, '직장내 성희롱 예방교육 자료', '도비 사원분들 첨부파일을 꼭 참조 하시여 직장 내 성희롱에 대해 인지하여 주시길 바랍니다', '2020-01-15 14:00:00', 18),
	(18, '(주)도비 2020년 상반기 직원채용 공고', '주식회사 도비 개발부 인사부에서 근무할 직원을 붙임과 같이 공개모집 하오니 유능한 분들의 많은 응시 바랍니다', '2020-01-20 13:00:00', 22),
	(19, '신종바이러스감염증 예방수칙 안내문', '신종바이러스감염증 예방수칙 안내문을 붙임과 같이 안내해 드리오니 회의 및 세미나에 참여하시는 사원 분들께서는 꼭 참고하시기 바랍니다', '2020-01-25 14:00:00', 20);
/*!40000 ALTER TABLE `notice` ENABLE KEYS */;

-- 테이블 데이터 dobee_new.noticefile:~0 rows (대략적) 내보내기
/*!40000 ALTER TABLE `noticefile` DISABLE KEYS */;
/*!40000 ALTER TABLE `noticefile` ENABLE KEYS */;

-- 테이블 데이터 dobee_new.notschedule:~9 rows (대략적) 내보내기
/*!40000 ALTER TABLE `notschedule` DISABLE KEYS */;
INSERT INTO `notschedule` (`NSSEQ`, `NSCONTENT`, `SCHSEQ`, `NOTSEQ`) VALUES
	(1, '최우수 프로젝트 시상 일정', 1, 11),
	(2, '강남IT기업 프로젝트 일정', 2, 12),
	(3, '직원 건강검진 일정', 3, 13),
	(4, '㈜넥슨 특강 일정', 12, 14),
	(5, '장학금 지급신청 기한 일정', 16, 15),
	(6, '추석휴가 일정', 22, 16),
	(7, '성희롱 예방교육 일정', 27, 17),
	(8, '상반기 직원채용 일정', 33, 18),
	(9, '신종코로나 소독일정', 37, 19);
/*!40000 ALTER TABLE `notschedule` ENABLE KEYS */;

-- 테이블 데이터 dobee_new.project:~4 rows (대략적) 내보내기
/*!40000 ALTER TABLE `project` DISABLE KEYS */;
INSERT INTO `project` (`PJTSEQ`, `PJTNAME`, `PJTSTARTAT`, `PJTENDAT`, `PJTPROGRESS`) VALUES
	(1, '도비 쇼핑몰 사이트', '2019-12-28', '2020-01-18', '완료'),
	(2, 'SK텔레콤 시스템 고도화', '2020-01-08', '2020-03-08', '진행'),
	(3, '바나프레스 모바일앱', '2020-01-18', '2020-02-18', '진행'),
	(4, '출결관리프로그램', '2020-01-28', '2020-01-04', '진행');
/*!40000 ALTER TABLE `project` ENABLE KEYS */;

-- 테이블 데이터 dobee_new.projectmember:~26 rows (대략적) 내보내기
/*!40000 ALTER TABLE `projectmember` DISABLE KEYS */;
INSERT INTO `projectmember` (`MAIL`, `PJTSEQ`) VALUES
	('a157@gmail.com', 1),
	('b157@gmail.com', 1),
	('c157@gmail.com', 1),
	('devel2@gmail.com', 1),
	('dnjsvltm327@gmail.com', 1),
	('ukjae@gmail.com', 1),
	('a157@gmail.com', 2),
	('b157@gmail.com', 2),
	('devel1@gmail.com', 2),
	('devel2@gmail.com', 2),
	('devel3@gmail.com', 2),
	('devel5@gmail.com', 2),
	('dnjsvltm327@gmail.com', 2),
	('taetae@gmail.com', 2),
	('ukjae@gmail.com', 2),
	('dnjsvltm327@gmail.com', 3),
	('dobeekim@gmail.com', 3),
	('plan2@gmail.com', 3),
	('plan3@gmail.com', 3),
	('taetae@gmail.com', 3),
	('ukjae@gmail.com', 3),
	('devel2@gmail.com', 4),
	('dnjsvltm327@gmail.com', 4),
	('plan3@gmail.com', 4),
	('taetae@gmail.com', 4),
	('ukjae@gmail.com', 4);
/*!40000 ALTER TABLE `projectmember` ENABLE KEYS */;

-- 테이블 데이터 dobee_new.projschedule:~0 rows (대략적) 내보내기
/*!40000 ALTER TABLE `projschedule` DISABLE KEYS */;
/*!40000 ALTER TABLE `projschedule` ENABLE KEYS */;

-- 테이블 데이터 dobee_new.schedule:~57 rows (대략적) 내보내기
/*!40000 ALTER TABLE `schedule` DISABLE KEYS */;
INSERT INTO `schedule` (`SCHSEQ`, `STARTTIME`, `ENDTIME`) VALUES
	(1, '2019-12-15 13:00:00', '2019-12-16 14:00:00'),
	(2, '2019-12-20 13:00:00', '2019-12-21 14:00:00'),
	(3, '2019-12-25 13:00:00', '2019-12-26 14:00:00'),
	(4, '2019-12-28 13:00:00', '2020-01-18 14:00:00'),
	(5, '2019-12-28 13:00:00', '2020-12-29 14:00:00'),
	(6, '2019-12-28 13:00:00', '2020-12-31 14:00:00'),
	(7, '2019-12-28 13:00:00', '2020-01-18 14:00:00'),
	(8, '2019-12-28 13:00:00', '2020-01-15 14:00:00'),
	(9, '2019-12-28 13:00:00', '2020-01-19 14:00:00'),
	(10, '2019-12-30 13:00:00', '2020-01-08 14:00:00'),
	(11, '2019-12-30 13:00:00', '2020-01-11 14:00:00'),
	(12, '2020-01-01 13:00:00', '2020-01-02 14:00:00'),
	(13, '2020-01-02 13:00:00', '2020-01-16 14:00:00'),
	(14, '2020-01-02 13:00:00', '2020-01-05 14:00:00'),
	(15, '2020-01-03 13:00:00', '2020-01-04 14:00:00'),
	(16, '2020-01-05 13:00:00', '2020-01-06 14:00:00'),
	(17, '2020-01-08 13:00:00', '2020-03-08 14:00:00'),
	(18, '2020-01-08 13:00:00', '2020-01-10 14:00:00'),
	(19, '2020-01-08 13:00:00', '2020-01-11 14:00:00'),
	(20, '2020-01-08 13:00:00', '2020-02-16 14:00:00'),
	(21, '2020-01-08 13:00:00', '2020-02-18 14:00:00'),
	(22, '2020-01-10 13:00:00', '2020-01-11 14:00:00'),
	(23, '2020-01-12 13:00:00', '2020-02-13 14:00:00'),
	(24, '2020-01-12 13:00:00', '2020-02-18 14:00:00'),
	(25, '2020-01-13 13:00:00', '2020-03-06 14:00:00'),
	(26, '2020-01-14 13:00:00', '2020-02-15 14:00:00'),
	(27, '2020-01-15 13:00:00', '2020-01-16 14:00:00'),
	(28, '2020-01-18 13:00:00', '2020-02-18 14:00:00'),
	(29, '2020-01-18 13:00:00', '2020-01-30 14:00:00'),
	(30, '2020-01-18 13:00:00', '2020-01-31 14:00:00'),
	(31, '2020-01-18 13:00:00', '2020-02-12 14:00:00'),
	(32, '2020-01-18 13:00:00', '2020-02-16 14:00:00'),
	(33, '2020-01-20 13:00:00', '2020-01-21 14:00:00'),
	(34, '2020-01-23 13:00:00', '2020-02-18 14:00:00'),
	(35, '2020-01-23 13:00:00', '2020-02-15 14:00:00'),
	(36, '2020-01-24 13:00:00', '2020-02-17 14:00:00'),
	(37, '2020-01-25 13:00:00', '2020-01-26 14:00:00'),
	(38, '2020-01-28 13:00:00', '2020-02-29 14:00:00'),
	(39, '2020-01-28 13:00:00', '2020-02-15 14:00:00'),
	(40, '2020-01-28 13:00:00', '2020-02-16 14:00:00'),
	(41, '2020-01-28 13:00:00', '2020-02-19 14:00:00'),
	(42, '2020-02-01 13:00:00', '2020-02-02 14:00:00'),
	(43, '2020-02-02 13:00:00', '2020-02-03 14:00:00'),
	(44, '2020-02-05 13:00:00', '2020-02-10 14:00:00'),
	(45, '2020-02-06 13:00:00', '2020-02-10 14:00:00'),
	(46, '2020-02-08 13:00:00', '2020-02-10 14:00:00'),
	(47, '2020-02-09 13:00:00', '2020-02-10 14:00:00'),
	(48, '2020-02-10 13:00:00', '2020-02-11 14:00:00'),
	(49, '2020-02-13 13:00:00', '2020-02-14 14:00:00'),
	(50, '2020-02-14 13:00:00', '2020-02-15 14:00:00'),
	(51, '2020-02-16 13:00:00', '2020-03-05 14:00:00'),
	(52, '2020-02-16 13:00:00', '2020-03-05 14:00:00'),
	(53, '2020-02-17 13:00:00', '2020-02-25 14:00:00'),
	(64, '2020-02-13 00:00:00', '2020-01-07 00:00:00'),
	(65, '2020-02-04 00:00:00', '2020-02-21 00:00:00'),
	(66, '2020-02-05 00:00:00', '2020-02-19 00:00:00'),
	(67, '2020-02-11 00:00:00', '2020-02-26 00:00:00');
/*!40000 ALTER TABLE `schedule` ENABLE KEYS */;

-- 테이블 데이터 dobee_new.task:~80 rows (대략적) 내보내기
/*!40000 ALTER TABLE `task` DISABLE KEYS */;
INSERT INTO `task` (`TSKSEQ`, `TITLE`, `PROGRESS`, `IMPORTANT`, `STARTAT`, `ENDAT`, `MAIL`, `PJTSEQ`) VALUES
	(1, '도비 쇼핑몰 콘셉트', '완료', 5, '2019-12-28', '2020-12-29', 'a157@gmail.com', 1),
	(2, '도비 쇼핑몰 CSS', '완료', 4, '2019-12-28', '2020-12-29', 'a157@gmail.com', 1),
	(3, '도비 쇼핑몰 DB 설계', '완료', 3, '2019-12-28', '2020-12-31', 'a157@gmail.com', 1),
	(4, '도비 쇼핑몰 스토리보드', '완료', 2, '2019-12-28', '2020-12-31', 'a157@gmail.com', 1),
	(5, '도비 쇼핑몰 시나리오', '완료', 1, '2019-12-28', '2020-01-18', 'devel2@gmail.com', 1),
	(6, '도비 쇼핑몰 정의서', '완료', 5, '2019-12-28', '2020-01-18', 'dnjsvltm327@gmail.com', 1),
	(7, '도비 쇼핑몰 명세서', '완료', 4, '2019-12-28', '2020-01-15', 'dnjsvltm327@gmail.com', 1),
	(8, '도비 쇼핑몰 클래스 다이어그램', '완료', 3, '2019-12-28', '2020-01-15', 'ukjae@gmail.com', 1),
	(9, '도비 쇼핑몰 유스케이스', '완료', 2, '2019-12-28', '2020-01-19', 'ukjae@gmail.com', 1),
	(10, '도비 쇼핑몰 시퀀스', '완료', 1, '2019-12-28', '2020-01-19', 'ukjae@gmail.com', 1),
	(11, '도비 쇼핑몰 DB ERD', '완료', 5, '2019-12-30', '2020-01-08', 'b157@gmail.com', 1),
	(12, '도비 쇼핑몰 디자인', '완료', 5, '2019-12-30', '2020-01-08', 'b157@gmail.com', 1),
	(13, '도비 쇼핑몰 컨트롤러', '완료', 5, '2019-12-30', '2020-01-08', 'b157@gmail.com', 1),
	(14, '도비 쇼핑몰 디버깅', '완료', 4, '2019-12-30', '2020-01-11', 'devel2@gmail.com', 1),
	(15, '도비 쇼핑몰 개발일지', '완료', 2, '2020-01-02', '2020-01-16', 'devel2@gmail.com', 1),
	(16, '도비 쇼핑몰 QA', '완료', 1, '2020-01-02', '2020-01-16', 'c157@gmail.com', 1),
	(17, '도비 쇼핑몰 피드백', '완료', 5, '2020-01-02', '2020-01-05', 'c157@gmail.com', 1),
	(18, '도비 쇼핑몰 모바일', '완료', 2, '2020-01-02', '2020-01-05', 'dnjsvltm327@gmail.com', 1),
	(19, '도비 쇼핑몰 결제', '완료', 5, '2020-01-03', '2020-01-04', 'c157@gmail.com', 1),
	(20, '도비 쇼핑몰 기타', '완료', 4, '2020-01-03', '2020-01-04', 'dnjsvltm327@gmail.com', 1),
	(21, 'SK텔레콤 시스템 고도화 콘셉트', '완료', 3, '2020-01-08', '2020-01-10', 'a157@gmail.com', 2),
	(22, 'SK텔레콤 시스템 고도화 CSS', '완료', 3, '2020-01-08', '2020-01-10', 'a157@gmail.com', 2),
	(23, 'SK텔레콤 시스템 고도화 DB 설계', '완료', 3, '2020-01-08', '2020-01-10', 'dnjsvltm327@gmail.com', 2),
	(24, 'SK텔레콤 시스템 고도화 스토리보드', '완료', 3, '2020-01-08', '2020-01-11', 'ukjae@gmail.com', 2),
	(25, 'SK텔레콤 시스템 고도화 시나리오', '완료', 3, '2020-01-08', '2020-01-11', 'ukjae@gmail.com', 2),
	(26, 'SK텔레콤 시스템 고도화 정의서', '완료', 3, '2020-01-08', '2020-01-11', 'b157@gmail.com', 2),
	(27, 'SK텔레콤 시스템 고도화 명세서', '테스트', 3, '2020-01-08', '2020-02-16', 'b157@gmail.com', 2),
	(28, 'SK텔레콤 시스템 고도화 클래스 다이어그램', '테스트', 3, '2020-01-08', '2020-02-18', 'devel5@gmail.com', 2),
	(29, 'SK텔레콤 시스템 고도화 유스케이스', '테스트', 3, '2020-01-08', '2020-02-18', 'devel1@gmail.com', 2),
	(30, 'SK텔레콤 시스템 고도화 시퀀스', '테스트', 3, '2020-01-12', '2020-02-13', 'devel1@gmail.com', 2),
	(31, 'SK텔레콤 시스템 고도화 DB ERD', '테스트', 3, '2020-01-12', '2020-02-13', 'devel5@gmail.com', 2),
	(32, 'SK텔레콤 시스템 고도화 디자인', '진행', 3, '2020-01-12', '2020-02-18', 'ukjae@gmail.com', 2),
	(33, 'SK텔레콤 시스템 고도화 컨트롤러', '진행', 3, '2020-01-12', '2020-02-18', 'dnjsvltm327@gmail.com', 2),
	(34, 'SK텔레콤 시스템 고도화 디버깅', '진행', 5, '2020-01-13', '2020-03-06', 'devel2@gmail.com', 2),
	(35, 'SK텔레콤 시스템 고도화 개발일지', '진행', 1, '2020-01-13', '2020-03-06', 'devel5@gmail.com', 2),
	(36, 'SK텔레콤 시스템 고도화 QA', '진행', 4, '2020-01-14', '2020-02-03', 'devel2@gmail.com', 2),
	(37, 'SK텔레콤 시스템 고도화 피드백', '예정', 2, '2020-02-08', '2020-02-20', 'devel3@gmail.com', 2),
	(38, 'SK텔레콤 시스템 고도화 모바일', '예정', 1, '2020-02-16', '2020-03-05', 'devel3@gmail.com', 2),
	(39, 'SK텔레콤 시스템 고도화 결제', '예정', 5, '2020-02-16', '2020-03-05', 'taetae@gmail.com', 2),
	(40, 'SK텔레콤 시스템 고도화 기타 ', '예정', 5, '2020-02-16', '2020-03-05', 'dnjsvltm327@gmail.com', 2),
	(41, '바나프레스 모바일앱 콘셉트', '완료', 4, '2020-01-18', '2020-01-30', 'dobeekim@gmail.com', 3),
	(42, '바나프레스 모바일앱 CSS', '완료', 1, '2020-01-18', '2020-01-30', 'dnjsvltm327@gmail.com', 3),
	(43, '바나프레스 모바일앱 DB 설계', '완료', 3, '2020-01-18', '2020-01-30', 'plan3@gmail.com', 3),
	(44, '바나프레스 모바일앱 스토리보드', '완료', 3, '2020-01-18', '2020-01-30', 'plan2@gmail.com', 3),
	(45, '바나프레스 모바일앱 시나리오', '완료', 1, '2020-01-18', '2020-01-31', 'taetae@gmail.com', 3),
	(46, '바나프레스 모바일앱 정의서', '완료', 2, '2020-01-18', '2020-01-31', 'plan3@gmail.com', 3),
	(47, '바나프레스 모바일앱 명세서', '테스트', 4, '2020-01-18', '2020-02-12', 'dnjsvltm327@gmail.com', 3),
	(48, '바나프레스 모바일앱 클래스 다이어그램', '테스트', 3, '2020-01-18', '2020-02-12', 'dobeekim@gmail.com', 3),
	(49, '바나프레스 모바일앱 유스케이스', '진행', 4, '2020-01-18', '2020-02-16', 'plan2@gmail.com', 3),
	(50, '바나프레스 모바일앱 시퀀스', '진행', 3, '2020-01-18', '2020-02-16', 'ukjae@gmail.com', 3),
	(51, '바나프레스 모바일앱 DB ERD', '진행', 3, '2020-01-23', '2020-02-18', 'dobeekim@gmail.com', 3),
	(52, '바나프레스 모바일앱 디자인', '진행', 5, '2020-01-23', '2020-02-18', 'plan3@gmail.com', 3),
	(53, '바나프레스 모바일앱 컨트롤러', '진행', 3, '2020-01-23', '2020-02-18', 'ukjae@gmail.com', 3),
	(54, '바나프레스 모바일앱 디버깅', '진행', 2, '2020-01-23', '2020-02-18', 'taetae@gmail.com', 3),
	(55, '바나프레스 모바일앱 개발일지', '진행', 5, '2020-01-23', '2020-02-15', 'dnjsvltm327@gmail.com', 3),
	(56, '바나프레스 모바일앱 QA', '진행', 3, '2020-01-23', '2020-02-15', 'ukjae@gmail.com', 3),
	(57, '바나프레스 모바일앱 피드백', '진행', 5, '2020-01-23', '2020-02-15', 'plan3@gmail.com', 3),
	(58, '바나프레스 모바일앱 모바일', '진행', 4, '2020-01-24', '2020-02-17', 'plan2@gmail.com', 3),
	(59, '바나프레스 모바일앱 결제', '진행', 3, '2020-01-24', '2020-02-17', 'taetae@gmail.com', 3),
	(60, '바나프레스 모바일앱 기타', '진행', 2, '2020-01-24', '2020-02-17', 'dnjsvltm327@gmail.com', 3),
	(61, '출결관리프로그램 콘셉트', '완료', 3, '2020-02-02', '2020-02-03', 'devel2@gmail.com', 4),
	(62, '출결관리프로그램 CSS', '완료', 1, '2020-02-02', '2020-02-03', 'devel2@gmail.com', 4),
	(63, '출결관리프로그램 DB 설계', '완료', 4, '2020-02-05', '2020-02-10', 'dnjsvltm327@gmail.com', 4),
	(64, '출결관리프로그램 스토리보드', '완료', 4, '2020-02-05', '2020-02-10', 'taetae@gmail.com', 4),
	(65, '출결관리프로그램 시나리오', '완료', 3, '2020-02-06', '2020-02-10', 'ukjae@gmail.com', 4),
	(66, '출결관리프로그램 정의서', '완료', 1, '2020-02-08', '2020-02-10', 'devel2@gmail.com', 4),
	(67, '출결관리프로그램 명세서', '완료', 5, '2020-02-09', '2020-02-10', 'devel2@gmail.com', 4),
	(68, '출결관리프로그램 클래스 다이어그램', '완료', 1, '2020-02-09', '2020-02-10', 'taetae@gmail.com', 4),
	(69, '출결관리프로그램 유스케이스', '완료', 3, '2020-02-10', '2020-02-11', 'taetae@gmail.com', 4),
	(70, '출결관리프로그램 시퀀스', '완료', 5, '2020-02-10', '2020-02-11', 'plan3@gmail.com', 4),
	(71, '출결관리프로그램 DB ERD', '진행', 4, '2020-01-28', '2020-02-15', 'plan3@gmail.com', 4),
	(72, '출결관리프로그램 디자인', '진행', 5, '2020-01-28', '2020-02-15', 'ukjae@gmail.com', 4),
	(73, '출결관리프로그램 컨트롤러', '진행', 3, '2020-01-28', '2020-02-16', 'dnjsvltm327@gmail.com', 4),
	(74, '출결관리프로그램 디버깅', '진행', 3, '2020-01-28', '2020-02-16', 'plan3@gmail.com', 4),
	(75, '출결관리프로그램 개발일지', '진행', 4, '2020-01-28', '2020-02-19', 'taetae@gmail.com', 4),
	(76, '출결관리프로그램 QA', '예정', 3, '2020-02-13', '2020-02-14', 'ukjae@gmail.com', 4),
	(77, '출결관리프로그램 피드백', '예정', 3, '2020-02-13', '2020-02-14', 'dnjsvltm327@gmail.com', 4),
	(78, '출결관리프로그램 모바일', '예정', 3, '2020-02-14', '2020-02-15', 'dnjsvltm327@gmail.com', 4),
	(79, '출결관리프로그램 결제', '예정', 3, '2020-02-14', '2020-02-15', 'plan3@gmail.com', 4),
	(80, '출결관리프로그램 기타', '예정', 1, '2020-02-17', '2020-02-25', 'ukjae@gmail.com', 4);
/*!40000 ALTER TABLE `task` ENABLE KEYS */;

-- 테이블 데이터 dobee_new.taskdetail:~160 rows (대략적) 내보내기
/*!40000 ALTER TABLE `taskdetail` DISABLE KEYS */;
INSERT INTO `taskdetail` (`TDSEQ`, `TDCONTENT`, `TSKSEQ`) VALUES
	(1, '콘셉트 발표 기안 작성', 1),
	(2, 'CSS 디자인 초안 클래스 작성', 2),
	(3, '쇼핑몰 회원 가입을 위한 데이터 베이스 생성', 3),
	(4, 'OVEN API를 이용한 스토리보드 작성', 4),
	(5, '시나리오 추가 및 최종 수정', 5),
	(6, '정의서 작성 및 최종 수정', 6),
	(7, '요구사항 명세서 작성 및 수정', 7),
	(8, 'StarDDX프로그램을 이용한 클래스 다이어그램 작성', 8),
	(9, '쇼핑몰에 맞는 유스케이스 다이어그램 추가하기', 9),
	(10, 'DEWA를 이용한 시퀀스 다이어 그램 추가', 10),
	(11, 'EXERD를 이용한 데이터베이스 ERD 작성', 11),
	(12, '메인 페이지 및 상세 페이지 디자인 상세 초안', 12),
	(13, '컨트롤러 작성 추가', 13),
	(14, '디버깅 테스트 ', 14),
	(15, '개발 일지 작성 페이지 추가', 15),
	(16, '쇼핑몰 Q&A 페이지 초안 작성 및 추가', 16),
	(17, '쇼핑몰 제작 피드백 작성', 17),
	(18, '모바일 페이지 생성 초안 작성', 18),
	(19, '결제 API를 이용한 결제 페이지 생성 및 기능 추가', 19),
	(20, '기타 추가페이지 결정', 20),
	(21, '콘셉트 발표 기안 작성', 21),
	(22, 'CSS 디자인 초안 클래스 작성', 22),
	(23, '쇼핑몰 회원 가입을 위한 데이터 베이스 생성', 23),
	(24, 'OVEN API를 이용한 스토리보드 작성', 24),
	(25, '시나리오 추가 및 최종 수정', 25),
	(26, '정의서 작성 및 최종 수정', 26),
	(27, '요구사항 명세서 작성 및 수정', 27),
	(28, 'StarDDX프로그램을 이용한 클래스 다이어그램 작성', 28),
	(29, '쇼핑몰에 맞는 유스케이스 다이어그램 추가하기', 29),
	(30, 'DEWA를 이용한 시퀀스 다이어 그램 추가', 30),
	(31, 'EXERD를 이용한 데이터베이스 ERD 작성', 31),
	(32, '메인 페이지 및 상세 페이지 디자인 상세 초안', 32),
	(33, '컨트롤러 작성 추가', 33),
	(34, '디버깅 테스트 ', 34),
	(35, '개발 일지 작성 페이지 추가', 35),
	(36, '쇼핑몰 Q&A 페이지 초안 작성 및 추가', 36),
	(37, '쇼핑몰 제작 피드백 작성', 37),
	(38, '모바일 페이지 생성 초안 작성', 38),
	(39, '결제 API를 이용한 결제 페이지 생성 및 기능 추가', 39),
	(40, '기타 추가페이지 결정', 40),
	(41, '콘셉트 발표 기안 작성', 41),
	(42, 'CSS 디자인 초안 클래스 작성', 42),
	(43, '쇼핑몰 회원 가입을 위한 데이터 베이스 생성', 43),
	(44, 'OVEN API를 이용한 스토리보드 작성', 44),
	(45, '시나리오 추가 및 최종 수정', 45),
	(46, '정의서 작성 및 최종 수정', 46),
	(47, '요구사항 명세서 작성 및 수정', 47),
	(48, 'StarDDX프로그램을 이용한 클래스 다이어그램 작성', 48),
	(49, '쇼핑몰에 맞는 유스케이스 다이어그램 추가하기', 49),
	(50, 'DEWA를 이용한 시퀀스 다이어 그램 추가', 50),
	(51, 'EXERD를 이용한 데이터베이스 ERD 작성', 51),
	(52, '메인 페이지 및 상세 페이지 디자인 상세 초안', 52),
	(53, '컨트롤러 작성 추가', 53),
	(54, '디버깅 테스트 ', 54),
	(55, '개발 일지 작성 페이지 추가', 55),
	(56, '쇼핑몰 Q&A 페이지 초안 작성 및 추가', 56),
	(57, '쇼핑몰 제작 피드백 작성', 57),
	(58, '모바일 페이지 생성 초안 작성', 58),
	(59, '결제 API를 이용한 결제 페이지 생성 및 기능 추가', 59),
	(60, '기타 추가페이지 결정', 60),
	(61, '콘셉트 발표 기안 작성', 61),
	(62, 'CSS 디자인 초안 클래스 작성', 62),
	(63, '쇼핑몰 회원 가입을 위한 데이터 베이스 생성', 63),
	(64, 'OVEN API를 이용한 스토리보드 작성', 64),
	(65, '시나리오 추가 및 최종 수정', 65),
	(66, '정의서 작성 및 최종 수정', 66),
	(67, '요구사항 명세서 작성 및 수정', 67),
	(68, 'StarDDX프로그램을 이용한 클래스 다이어그램 작성', 68),
	(69, '쇼핑몰에 맞는 유스케이스 다이어그램 추가하기', 69),
	(70, 'DEWA를 이용한 시퀀스 다이어 그램 추가', 70),
	(71, 'EXERD를 이용한 데이터베이스 ERD 작성', 71),
	(72, '메인 페이지 및 상세 페이지 디자인 상세 초안', 72),
	(73, '컨트롤러 작성 추가', 73),
	(74, '디버깅 테스트 ', 74),
	(75, '개발 일지 작성 페이지 추가', 75),
	(76, '쇼핑몰 Q&A 페이지 초안 작성 및 추가', 76),
	(77, '쇼핑몰 제작 피드백 작성', 77),
	(78, '모바일 페이지 생성 초안 작성', 78),
	(79, '결제 API를 이용한 결제 페이지 생성 및 기능 추가', 79),
	(80, '기타 추가페이지 결정', 80),
	(81, '콘셉트 발표 기안 작성', 80),
	(82, 'CSS 디자인 초안 클래스 작성', 79),
	(83, '쇼핑몰 회원 가입을 위한 데이터 베이스 생성', 78),
	(84, 'OVEN API를 이용한 스토리보드 작성', 77),
	(85, '시나리오 추가 및 최종 수정', 76),
	(86, '정의서 작성 및 최종 수정', 75),
	(87, '요구사항 명세서 작성 및 수정', 74),
	(88, 'StarDDX프로그램을 이용한 클래스 다이어그램 작성', 73),
	(89, '쇼핑몰에 맞는 유스케이스 다이어그램 추가하기', 72),
	(90, 'DEWA를 이용한 시퀀스 다이어 그램 추가', 71),
	(91, 'EXERD를 이용한 데이터베이스 ERD 작성', 70),
	(92, '메인 페이지 및 상세 페이지 디자인 상세 초안', 69),
	(93, '컨트롤러 작성 추가', 68),
	(94, '디버깅 테스트 ', 67),
	(95, '개발 일지 작성 페이지 추가', 66),
	(96, '쇼핑몰 Q&A 페이지 초안 작성 및 추가', 65),
	(97, '쇼핑몰 제작 피드백 작성', 64),
	(98, '모바일 페이지 생성 초안 작성', 63),
	(99, '결제 API를 이용한 결제 페이지 생성 및 기능 추가', 62),
	(100, '기타 추가페이지 결정', 61),
	(101, '콘셉트 발표 기안 작성', 60),
	(102, 'CSS 디자인 초안 클래스 작성', 59),
	(103, '쇼핑몰 회원 가입을 위한 데이터 베이스 생성', 58),
	(104, 'OVEN API를 이용한 스토리보드 작성', 57),
	(105, '시나리오 추가 및 최종 수정', 56),
	(106, '정의서 작성 및 최종 수정', 55),
	(107, '요구사항 명세서 작성 및 수정', 54),
	(108, 'StarDDX프로그램을 이용한 클래스 다이어그램 작성', 53),
	(109, '쇼핑몰에 맞는 유스케이스 다이어그램 추가하기', 52),
	(110, 'DEWA를 이용한 시퀀스 다이어 그램 추가', 51),
	(111, 'EXERD를 이용한 데이터베이스 ERD 작성', 50),
	(112, '메인 페이지 및 상세 페이지 디자인 상세 초안', 49),
	(113, '컨트롤러 작성 추가', 48),
	(114, '디버깅 테스트 ', 47),
	(115, '개발 일지 작성 페이지 추가', 46),
	(116, '쇼핑몰 Q&A 페이지 초안 작성 및 추가', 45),
	(117, '쇼핑몰 제작 피드백 작성', 44),
	(118, '모바일 페이지 생성 초안 작성', 43),
	(119, '결제 API를 이용한 결제 페이지 생성 및 기능 추가', 42),
	(120, '기타 추가페이지 결정', 41),
	(121, '콘셉트 발표 기안 작성', 40),
	(122, 'CSS 디자인 초안 클래스 작성', 39),
	(123, '쇼핑몰 회원 가입을 위한 데이터 베이스 생성', 38),
	(124, 'OVEN API를 이용한 스토리보드 작성', 37),
	(125, '시나리오 추가 및 최종 수정', 36),
	(126, '정의서 작성 및 최종 수정', 35),
	(127, '요구사항 명세서 작성 및 수정', 34),
	(128, 'StarDDX프로그램을 이용한 클래스 다이어그램 작성', 33),
	(129, '쇼핑몰에 맞는 유스케이스 다이어그램 추가하기', 32),
	(130, 'DEWA를 이용한 시퀀스 다이어 그램 추가', 31),
	(131, 'EXERD를 이용한 데이터베이스 ERD 작성', 30),
	(132, '메인 페이지 및 상세 페이지 디자인 상세 초안', 29),
	(133, '컨트롤러 작성 추가', 28),
	(134, '디버깅 테스트 ', 27),
	(135, '개발 일지 작성 페이지 추가', 26),
	(136, '쇼핑몰 Q&A 페이지 초안 작성 및 추가', 25),
	(137, '쇼핑몰 제작 피드백 작성', 24),
	(138, '모바일 페이지 생성 초안 작성', 23),
	(139, '결제 API를 이용한 결제 페이지 생성 및 기능 추가', 22),
	(140, '기타 추가페이지 결정', 21),
	(141, '콘셉트 발표 기안 작성', 20),
	(142, 'CSS 디자인 초안 클래스 작성', 19),
	(143, '쇼핑몰 회원 가입을 위한 데이터 베이스 생성', 18),
	(144, 'OVEN API를 이용한 스토리보드 작성', 17),
	(145, '시나리오 추가 및 최종 수정', 16),
	(146, '정의서 작성 및 최종 수정', 15),
	(147, '요구사항 명세서 작성 및 수정', 14),
	(148, 'StarDDX프로그램을 이용한 클래스 다이어그램 작성', 13),
	(149, '쇼핑몰에 맞는 유스케이스 다이어그램 추가하기', 12),
	(150, 'DEWA를 이용한 시퀀스 다이어 그램 추가', 11),
	(151, 'EXERD를 이용한 데이터베이스 ERD 작성', 10),
	(152, '메인 페이지 및 상세 페이지 디자인 상세 초안', 9),
	(153, '컨트롤러 작성 추가', 8),
	(154, '디버깅 테스트 ', 7),
	(155, '개발 일지 작성 페이지 추가', 6),
	(156, '쇼핑몰 Q&A 페이지 초안 작성 및 추가', 5),
	(157, '쇼핑몰 제작 피드백 작성', 4),
	(158, '모바일 페이지 생성 초안 작성', 3),
	(159, '결제 API를 이용한 결제 페이지 생성 및 기능 추가', 2),
	(160, '기타 추가페이지 결정', 1);
/*!40000 ALTER TABLE `taskdetail` ENABLE KEYS */;

-- 테이블 데이터 dobee_new.taskschedule:~80 rows (대략적) 내보내기
/*!40000 ALTER TABLE `taskschedule` DISABLE KEYS */;
INSERT INTO `taskschedule` (`TSSEQ`, `PJTSEQ`, `SCHSEQ`, `TSKSEQ`) VALUES
	(1, 1, 5, 1),
	(2, 1, 5, 2),
	(3, 1, 6, 3),
	(4, 1, 6, 4),
	(5, 1, 7, 5),
	(6, 1, 7, 6),
	(7, 1, 8, 7),
	(8, 1, 8, 8),
	(9, 1, 9, 9),
	(10, 1, 9, 10),
	(11, 1, 10, 11),
	(12, 1, 10, 12),
	(13, 1, 10, 13),
	(14, 1, 11, 14),
	(15, 1, 13, 15),
	(16, 1, 13, 16),
	(17, 1, 14, 17),
	(18, 1, 14, 18),
	(19, 1, 15, 19),
	(20, 1, 15, 20),
	(21, 2, 18, 21),
	(22, 2, 18, 22),
	(23, 2, 18, 23),
	(24, 2, 19, 24),
	(25, 2, 19, 25),
	(26, 2, 19, 26),
	(27, 2, 20, 27),
	(28, 2, 21, 28),
	(29, 2, 21, 29),
	(30, 2, 23, 30),
	(31, 2, 23, 31),
	(32, 2, 24, 32),
	(33, 2, 24, 33),
	(34, 2, 25, 34),
	(35, 2, 25, 35),
	(36, 2, 26, 36),
	(37, 2, 51, 37),
	(38, 2, 51, 38),
	(39, 2, 52, 39),
	(40, 2, 52, 40),
	(41, 3, 29, 41),
	(42, 3, 29, 42),
	(43, 3, 29, 43),
	(44, 3, 29, 44),
	(45, 3, 30, 45),
	(46, 3, 30, 46),
	(47, 3, 31, 47),
	(48, 3, 31, 48),
	(49, 3, 32, 49),
	(50, 3, 32, 50),
	(51, 3, 34, 51),
	(52, 3, 34, 52),
	(53, 3, 34, 53),
	(54, 3, 34, 54),
	(55, 3, 35, 55),
	(56, 3, 35, 56),
	(57, 3, 35, 57),
	(58, 3, 36, 58),
	(59, 3, 36, 59),
	(60, 3, 36, 60),
	(61, 4, 43, 61),
	(62, 4, 43, 62),
	(63, 4, 44, 63),
	(64, 4, 44, 64),
	(65, 4, 45, 65),
	(66, 4, 46, 66),
	(67, 4, 47, 67),
	(68, 4, 47, 68),
	(69, 4, 48, 69),
	(70, 4, 48, 70),
	(71, 4, 39, 71),
	(72, 4, 39, 72),
	(73, 4, 40, 73),
	(74, 4, 40, 74),
	(75, 4, 41, 75),
	(76, 4, 49, 76),
	(77, 4, 49, 77),
	(78, 4, 50, 78),
	(79, 4, 50, 79),
	(80, 4, 53, 80);
/*!40000 ALTER TABLE `taskschedule` ENABLE KEYS */;

-- 테이블 데이터 dobee_new.teamlist:~4 rows (대략적) 내보내기
/*!40000 ALTER TABLE `teamlist` DISABLE KEYS */;
INSERT INTO `teamlist` (`TEAMCODE`, `TEAMNAME`) VALUES
	(1, '관리팀'),
	(2, '개발1팀'),
	(3, '개발2팀'),
	(4, '기획팀');
/*!40000 ALTER TABLE `teamlist` ENABLE KEYS */;

-- 테이블 데이터 dobee_new.user:~20 rows (대략적) 내보내기
/*!40000 ALTER TABLE `user` DISABLE KEYS */;
INSERT INTO `user` (`MAIL`, `PASSWORD`, `NAME`, `MYPIC`, `AUTHCODE`, `TEAMCODE`) VALUES
	('a157@gmail.com', '$2a$10$PhTCtD6ZYS7kujWmMvlC.uu7IgJ7eOWA9SyjQXCemCMyTwGBKIQri', '아철수', NULL, 2, 2),
	('admin@gmail.com', '$2a$10$PhTCtD6ZYS7kujWmMvlC.uu7IgJ7eOWA9SyjQXCemCMyTwGBKIQri', '관리자', NULL, 1, 1),
	('b157@gmail.com', '$2a$10$PhTCtD6ZYS7kujWmMvlC.uu7IgJ7eOWA9SyjQXCemCMyTwGBKIQri', '비철수', NULL, 2, 2),
	('c157@gmail.com', '$2a$10$PhTCtD6ZYS7kujWmMvlC.uu7IgJ7eOWA9SyjQXCemCMyTwGBKIQri', '씨철수', NULL, 2, 2),
	('d157@gmail.com', '$2a$10$PhTCtD6ZYS7kujWmMvlC.uu7IgJ7eOWA9SyjQXCemCMyTwGBKIQri', '디철수', NULL, 2, 2),
	('devel1@gmail.com', '$2a$10$PhTCtD6ZYS7kujWmMvlC.uu7IgJ7eOWA9SyjQXCemCMyTwGBKIQri', '아디벨', NULL, 2, 3),
	('devel2@gmail.com', '$2a$10$PhTCtD6ZYS7kujWmMvlC.uu7IgJ7eOWA9SyjQXCemCMyTwGBKIQri', '비디벨', NULL, 2, 3),
	('devel3@gmail.com', '$2a$10$PhTCtD6ZYS7kujWmMvlC.uu7IgJ7eOWA9SyjQXCemCMyTwGBKIQri', '씨디벨', NULL, 2, 3),
	('devel4@gmail.com', '$2a$10$PhTCtD6ZYS7kujWmMvlC.uu7IgJ7eOWA9SyjQXCemCMyTwGBKIQri', '디디벨', NULL, 2, 3),
	('devel5@gmail.com', '$2a$10$PhTCtD6ZYS7kujWmMvlC.uu7IgJ7eOWA9SyjQXCemCMyTwGBKIQri', '이디벨', NULL, 2, 3),
	('dnjsvltm327@gmail.com', '$2a$10$PhTCtD6ZYS7kujWmMvlC.uu7IgJ7eOWA9SyjQXCemCMyTwGBKIQri', '최경열', NULL, 3, 2),
	('dobeekim@gmail.com', '$2a$10$PhTCtD6ZYS7kujWmMvlC.uu7IgJ7eOWA9SyjQXCemCMyTwGBKIQri', '김도비', '', 2, 4),
	('e157@gmail.com', '$2a$10$PhTCtD6ZYS7kujWmMvlC.uu7IgJ7eOWA9SyjQXCemCMyTwGBKIQri', '이철수', NULL, 2, 2),
	('kkm8314@gmail.com', '1004', '김광민', 'km.jpg', 2, 2),
	('plan2@gmail.com', '$2a$10$PhTCtD6ZYS7kujWmMvlC.uu7IgJ7eOWA9SyjQXCemCMyTwGBKIQri', '비플랜', NULL, 2, 4),
	('plan3@gmail.com', '$2a$10$PhTCtD6ZYS7kujWmMvlC.uu7IgJ7eOWA9SyjQXCemCMyTwGBKIQri', '씨플랜', NULL, 2, 4),
	('plan4@gmail.com', '$2a$10$PhTCtD6ZYS7kujWmMvlC.uu7IgJ7eOWA9SyjQXCemCMyTwGBKIQri', '디플랜', NULL, 2, 4),
	('plan5@gmail.com', '$2a$10$PhTCtD6ZYS7kujWmMvlC.uu7IgJ7eOWA9SyjQXCemCMyTwGBKIQri', '이플랜', NULL, 2, 4),
	('taetae@gmail.com', '$2a$10$z01d7Nl.t0U63DK0fkAgquYnARhvtc4qjF2pA5cIxvTPAQI3Ooa/u', '이혜리', NULL, 3, 3),
	('ukjae@gmail.com', '$2a$10$PhTCtD6ZYS7kujWmMvlC.uu7IgJ7eOWA9SyjQXCemCMyTwGBKIQri', '이욱재', 'father.jpg', 3, 4);
/*!40000 ALTER TABLE `user` ENABLE KEYS */;

-- 테이블 데이터 dobee_new.userinfo:~19 rows (대략적) 내보내기
/*!40000 ALTER TABLE `userinfo` DISABLE KEYS */;
INSERT INTO `userinfo` (`MAIL`, `REGITDATE`, `SERVE`, `EMP`, `POSITION`, `PHONE`) VALUES
	('a157@gmail.com', '2020-01-01', '재직', '정규직', '사원', '010-5223-1234'),
	('admin@gmail.com', '2020-01-01', '재직', '정규직', '관리자', '010-5233-3208'),
	('b157@gmail.com', '2020-01-01', '재직', '정규직', '사원', '010-5111-1234'),
	('c157@gmail.com', '2020-01-01', '재직', '정규직', '사원', '010-1111-1234'),
	('d157@gmail.com', '2020-01-01', '재직', '정규직', '사원', '010-2222-1234'),
	('devel1@gmail.com', '2020-01-01', '재직', '정규직', '사원', '010-5234-4234'),
	('devel2@gmail.com', '2020-01-01', '재직', '정규직', '사원', '010-5154-1234'),
	('devel3@gmail.com', '2020-01-01', '재직', '정규직', '사원', '010-9883-1234'),
	('devel4@gmail.com', '2020-01-01', '재직', '정규직', '사원', '010-2090-1234'),
	('devel5@gmail.com', '2020-01-01', '재직', '정규직', '사원', '010-1020-1234'),
	('dnjsvltm327@gmail.com', '2020-01-01', '재직', '정규직', '개발1팀장', '010-5233-1234'),
	('dobeekim@gmail.com', '2020-01-01', '재직', '정규직', '사원', '010-1234-1234'),
	('e157@gmail.com', '2020-01-01', '재직', '정규직', '사원', '010-7777-1234'),
	('plan2@gmail.com', '2020-01-01', '재직', '정규직', '사원', '010-0354-1234'),
	('plan3@gmail.com', '2020-01-01', '재직', '정규직', '사원', '010-1893-1234'),
	('plan4@gmail.com', '2020-01-01', '재직', '정규직', '사원', '010-0943-1234'),
	('plan5@gmail.com', '2020-01-01', '재직', '정규직', '사원', '010-1938-1234'),
	('taetae@gmail.com', '2020-01-01', '재직', '정규직', '개발2팀장', '010-1232-1234'),
	('ukjae@gmail.com', '2020-01-01', '재직', '정규직', '기획팀장', '010-5233-1232');
/*!40000 ALTER TABLE `userinfo` ENABLE KEYS */;

/*!40101 SET SQL_MODE=IFNULL(@OLD_SQL_MODE, '') */;
/*!40014 SET FOREIGN_KEY_CHECKS=IF(@OLD_FOREIGN_KEY_CHECKS IS NULL, 1, @OLD_FOREIGN_KEY_CHECKS) */;
/*!40101 SET CHARACTER_SET_CLIENT=@OLD_CHARACTER_SET_CLIENT */;
